item_name,item_description,category,brand,price,image_url
Adesso Wireless Programmable Mouse,Adesso 2.4 GHz Wireless Vertical Programmable Mouse. 2.4GHz Wireless Connectivity Features reliable 2.4GHz wireless connectivity with up to 30 feet of range. Ergonomic Design Elevate your comfort and productivity with our ergonomic mouse. Engineered with your well-being in mind. Adjustable 3 Level DPI Switch (800 1600 2400) Attain higher precision and better accuracy with your choice of 3 DPI levels. Range from 400- 4800 DPI with driver; easily switch from three different DPI levels which change color depending on the level chosen. From 800 (green);1600 (blue) and 2400 (red) the easily-accessible DPI button lets you quickly switch between the various computer tasks you partake throughout the day. Your Ai Companion The programmable driver has a friendly user interface that lets you assign a button as CoPilot AI hotkey. Reduces Carpal Tunnel Syndrome (CTS) The wrist-friendly contour of the Adesso vertical mice allows you to hold your hand in a neutral handshake position; minimizing your forearm muscles from twisting and the possible development of Carpal Tunnel Syndrome. Normally; your forearm muscles are twisted from sitting flat on the supporting surface when using a regular mouse. This flat position causes strains on your muscles and leads to wrist pains. This is where the Adesso Vertical Mice become helpful and provide alleviation. Programmable Driver Adjust and customize your iMouse E30 to your liking to enhance your gaming experience with the included Programmable Driver. Easy to install; and navigate through; within the driver menu; adjust anything from mouse colors; to blinking speed; to assigning commands (macros); extending your DPI speed up to 4800 DPI; and reprogramming buttons with a few simple steps.. 2.4 GHz RF Wireless Technology with OnOff Switch; This mouse works at any angle with a range of up to 30 ft. with no wires to get tangled. The OnOff switch helps conserve battery power plus the low battery indicator helps you know when it is time to change batteries. - Ergonomic Vertical Design; The vertical design provides better support for your forearm minimizing wrist pain that can come from twisting,Computer Accessories,Adesso,24.35,/images/4540530_ADESSO_WRLS_PROGRAMMABLE_MOUSE_935999b3.jpg
Aluratek Webcam 1080p HD,Aluratek AWC02F - webcam. Alurateks HD 1080p webcam with autofocus lets you easily connect with colleagues; clients; family and friends. The built-in auto lowlight correction and autofocus allow people to see you in sharp HD video. AWC02F is compatible with many laptops and computers and is Plug-and-Play ready. Simply connect it to your computer USB port and use with different video calling clients.. AWC02F - Web camera - Color (DayNight) - 2 MP - 1920 x 1080 - 1080p - USB 2.0 - MPEG-4;MJPEG - No mic support. Key features HD video conferencing; Universally compatible; Autofocus; auto lowlight correction; USB Plug-and-Play,Computer Accessories,Aluratek,101.60,/images/6081877_ALURATEK_WEBCAM_1080P_HD_b2f9a0ef.jpg
Apple MacBook Air 13 M2 8-Core 16GB 8GB 256GB Silver,Apple MacBook Air - 13.6 - Apple M2 - 8 GB RAM - 256 GB SSD - US. Apple Intelligence is the personal intelligence system that helps you write; express yourself; and get things done effortlessly. With groundbreaking privacy protections; it gives you peace of mind that no one else can access your datanot even Apple.Supercharged by the next-generation M2 chip; the redesigned MacBook Air combines incredible performance and up to 18 hours of battery life into its strikingly thin aluminum enclosure.Battery life varies by use and configuration. Screen Size is measured diagonally.Apple Intelligence is available in beta on all Mac models with M1 and later; with Siri and device language set to U.S. English; as a macOS Sequoia update. English (Australia; Canada; Ireland; New Zealand; South Africa; UK) language support available this December. Some features and support for additional languages; like Chinese; English (India; Singapore); French; German; Italian; Japanese; Korean; Portuguese; Spanish; Vietnamese; and others; will be coming over the course of the next year.. Built for Apple Intelligence - M2 chip with next generation CPU; GPU; and machine learning performance - 16 core Neural Engine - Fanless design for silent operation - 1080p FaceTime HD camera with twice the resolution and low light performance - Share content seamlessly between iPhone and Mac - MagSafe charging port two Thunderbolt ports and headphone jack - Backlit Magic Keyboard and Touch ID for secure unlock and payments - Superfast SSD storage launches apps and opens files in an instant. Key features Theres power in silence; Prepare for takeoff; All together now; Speedy; substantial; storage; Create to your hearts content; Keep it secret; keep it safe; To be clear; its gorgeous; Look sharp; sound great; Let your fingers fly; Keep plugging away,Computers,Apple Notebook Systems,1965.00,/images/7061593_APPLE_MBA_13_M2_8C8C_16_8GB_256_STR_0996dc5d.jpg
Apple MacBook Pro 14 M3 Pro 11-Core 18GB 512GBGB Space Black,Apple - MacBook Pro - 14 - M3 Pro - 11-core CPU - 14-core GPU - 18 GB RAM - 512 GB SSD - Space Black. Apple Intelligence helps you write; express yourself; and get things done effortlessly. It draws on your personal context while setting a brand-new standard for privacy in AI. Coming in beta this fall.The 14-inch MacBook Pro blasts forward with M3; an incredibly advanced chip that brings serious speed and capability. With industry-leading battery lifeup to 22 hoursand a beautiful Liquid Retina XDR display; its a pro laptop without equal.Battery life varies by use and configuration.Apple Intelligence will be available in beta on Mac with M1 and later; with Siri and device language set to U.S. English; as part of macOS Sequoia later this year.. Built for Apple Intelligence - Supercharged by M3 Pro - Up to 18 hours of battery life - Responsive unified memory and storage - 14.2-inch Liquid Retina XDR display - All your pro apps run lightning fast - 1080p FaceTime HD camera - MagSafe charging port; two ThunderboltUSB 4 ports; SDXC card slot; and HDMI Port; and a headphone jack - Backlit Magic Keyboard with Touch ID - Advanced Security - Works with all your Apple devices - All-aluminum unibody enclosure is built to last. Key features 16-core Neural Engine for advanced computing tasks; 1080p FaceTime HD camera with advanced image signal processor; Unified memory configuration for efficient multitasking; Apple Magic Keyboard with Touch ID for secure and convenient login; Supports up to 2 external displays for expanded workspace,Computers,Apple Notebook Systems,4306.00,/images/7667578_APPLE_MBP_14_M3P_11C14C_18_512GB_SB_d4a3610a.jpg
BenQ EX3410R Mobiuz 34 inch Gaming Monitor,BenQ Mobiuz EX3410R - LED monitor - curved - 34 - HDR. Go ahead and enter a gaming world where you will discover a universe of infinite possibilities. Whoever you choose to be; just enjoy the ultimate gaming experience and play with the total immersion BenQ MOBIUZ leads you to.. Mobiuz EX3410R - LED monitor - gaming - curved - 34 - desktop wall - 3440 x 1440 WQHD - VA - 400 cdm² - 30001 - DisplayHDR 400 - 1 ms - 2xHDMI; DisplayPort - speakers. Key features 34 3440x1440 WQHD 219 HDR VA Gaming Monitor; HDRi and true sound audio by treVolo deliver immersion; 1ms MPRT and AMD FreeSync Premium for smooth gameplay,Computer Monitors Displays,BenQ Desktop Display,237.00,/images/7017642_BENQ_EX3410R_MOBIUZ_34IN_GAMING_MON_d7732d2d.jpg
C2G 1Round/Flat Cut SilverIP Tool,C2G Round and Flat Multi-Conductor Cutter and Stripper. With its adjustable stripping depth; this tool precisely strips both flat and round wire. Clean and quick.. Adjustable Stripping Depth - Gray - Precisely Strips Both Flat And Round Wires - TAA Compliant. Key features One tool so versatile - it cuts and strips STPUTP; modular cable; coax cable; speaker wire and more; Adjustable stripping depth; Precisely strips both flat and round wires; Gray; TAA Compliant,Office Equipment Supplies,Cables To Go by Legrand,124.70,/images/1641060_C2G_1RNDFLAT_CUT_STRIP_TOOL_2bd9035b.jpg
C2G RJ45 Plug Cover - 60MM Gray 50 Pack,C2G RJ45 Snagless Boot Cover - Gray - Pack of 50. Complete the look of your patch cables with this snagless boot cover which will protect the plug clip when cables are pulled through bundles. Easy to install; this cover will fit RJ-45 plugs for any Cat5; Cat5E; Cat6; or Cat6a patch cable. Choose from color options of gray; blue; red and yellow to simplify cable organization and tracking.. Network Ethernet Cable Boots - Snagless Boot Cover For Protecting The Plug Clip - Multiple Color Options Available - Gray (pack Of 50) - 6.0mm Od For Cat6 And Cat6a Cabling - TAA Compliant - C2g Lifetime Warranty. Key features Get a professional-looking finish for your patch cables plus color-code for easy organization,Office Equipment Supplies,Cables To Go by Legrand,74.40,/images/1656851_C2G_RJ45_PLUG_COVER_-_60MM_GRY_50PK_63527805.jpg
Cherry 11 Ultra Slim Keyboard-Gray,CHERRY Ultraslim G84-4100 Compact Keyboard. This compact keyboard is the perfect solution for users with limited space available.. Keyboard; Wired; PC compatible; Keyboard interface; USB interface; Gray,Computer Accessories,Cherry Keyboards,134.10,/images/1356864_CHERRY_11_ULTRASLIM_KB-GRY_1f706992.jpg
Chief Keyboard Tray Access Black,Chief 2 Height Adjustable Key Board Tray - For Monitor Arm Mount - Black. The Chief keyboard tray monitor mount is perfect for mounting a keyboard to save valuable desk space at the home or office. Gives two inches in space and can be easily installed.. 2 Height Adjustable Key Board Tray - For Monitor Arm Mount - Black - Mounting kit (support tray) - for keyboard - black. Key features Adjustable height and depth for personalized ergonomics; Supports up to 9.1 kg; ensuring keyboard stability; Seamlessly integrates with monitor arm mounts for a clutter-free workspace,Computer Accessories,Chief by Legrand AV,170.00,/images/1464072_CHIEF_KB_TRAY_ACCESS_BLK_0716fd1f.jpg
Ergotron Deep Keyboard Tray F/WorkFit-TX,Ergotron Deep WorkFit-TX keyboard shelf mounting component - for keyboard mouse - black. Personalize your WorkFit-TX Standing Desk Converter with a deeper keyboard tray to fit larger keyboards and mice.. Deep WorkFit-TX keyboard shelf - Mounting component (tray) - for keyboard mouse - black. Key features Large surface; Simple installation; Easy cleaning,Computer Accessories,Ergotron,113.30,/images/5519317_ERGOTRON_DEEP_KB_TRAY_FWORKFIT-TX_dff97a45.jpg
ESTERLINE MED ESSENTIAL 104 USpace Black Keyboard,Medigenic Essential - keyboard - QWERTY - US - light blue. The flat; silicon surface of the Medigenic Essential Keyboard makes it fast and easy for hospital staff to clean the keyboard and comply with Infection Control best practices. Simply wipe the keyboard down with any hospital grade cleaner and the keyboard is disinfected in less than 10 seconds. Underneath the flexible and soft silicone elastomer surface is a standard scissor key mechanism that enables rapid typing input with excellent tactile feel; you can actually touch type on this keyboard.. Essential - Keyboard - USB - QWERTY - US - light blue. Key features The product is cost-effective for use in any medical environment; Features a flat design to enable quick wipe downs with hospital-grade disinfectants; Provides standard conventional keyboard tactile feedback for high-speed data entry capability,Computer Accessories,Esterline,131.70,/images/2695863_ESTERLINE_MED_ESSENTIAL_104_USB_KB_1723ac87.jpg
EVOLUENT Wireless VERT Mouse 4 RT HAND,Evoluent USB Wireless Right-Handed VerticalMouse protects your forearm from twisting with its thoughtfully sculpted shape and easy-to-operate programmable buttons. Its two-thumb buttons feature offers significantly extended functionality when you use it with the included driver. The Evoluent USB wireless right-handed VerticalMouse 4 has an adjustable laser sensor to allow for comfortable adjustment without freeing your grip from the mouse. Its extended lip along the bottom edge keeps your finger from rubbing the desk. An ergonomic thumb rest in the mouse provides even comfort compared to its earlier versions. Its pointer speed indicators show through this thumb rest and its easy to tell pointer speed. This vertical computer mouse comes with a powerful and intuitive driver that offers detailed but easy to operate functionality through an intuitive interface. Its compatible with Windows; Mac and Linux for universal use.. This Evoluent USB wireless right-handed VerticalMouse 4 minimizes wrist strain for demanding computer tasks - Adjustable laser sensor for comfortable adjustment - Power driver thats easy to operate. Key features Comfortable and easy to use; Adjustable laser sensor; Improved thumb rest; Two thumb buttons; Mini receiver; Extended lip prevents rubbing; Powerful and intuitive driver,Computer Accessories,KeyOvation,86.50,/images/2692392_EVOLUENT_WRLS_VERT_MOUSE_4_RT_HAND_1555aefc.jpg
Fellowes Gel WRISilverEST/MousePAD Microban,Fellowes Microban - mouse pad with wrist pillow. The comfort of gel with added protection against damaging bacteria. Built-in Microban antimicrobial protection fights the uncontrolled growth of microbes; such as bacteria; that can cause stains; odors and product deterioration. The ultimate in personal fit; so you can mouse without tension or fatigue. Optical mouse friendly. Features long-lasting polyester covering that stands-up against everyday wear and tear.. Microban - Mouse pad with wrist pillow - graphite,Computer Accessories,Fellowes,119.70,/images/1058125_FEL_GEL_WRISTRESTMOUSEPAD_MICROBAN_9324a787.jpg
FellowesLOWES Microban THIN Mouse PAD Gray,Fellowes Ultra Thin Mouse Pad mouse pad. Microban antimicrobial protection helps keep product cleaner Super slim profile hugs the desktop. Product is 100 recyclable.. Ultra Thin Mouse Pad - Mouse pad - graphite. Key features Features Microban antimicrobial product protection; Super slim profile hugs the desktop; Provides superior optical mouse tracking and responsiveness; Durable and easy to clean,Computer Accessories,Fellowes,115.80,/images/1933422_FELLOWES_MICROBAN_THIN_MOUSE_PAD_GRY_b94c76e6.jpg
Genovation LCD Mini Terminal 12 USpace Black,Genovation MiniTerm 904 - keypad - dark gray Input Device. The Genovation MiniTerm 904 is a fully programmable LCD mini-terminal. The MiniTerm 904 supports simple and complex re-programmable key macros and system configurations. Includes detachable serial (RS232) and USB cables for easy setup and different applications.. MiniTerm 904 - Keypad - serial; USB - dark gray,Computer Accessories,Genovation,105.00,/images/1280447_GENOVATION_LCD_MINI_TERM_12_USB_4a7d9196.jpg
iKey DU-5K NEMA 4 INDUSilverIAL Keyboard,iKey DU-5K-TP2-USB - keyboard Input Device. The DU-5K-TP2 is a NEMA 4X rated keyboard with an ABS polycarbonate case. It has 116-key functionality; including 24 function keys. The integrated Synaptics touchpad pointing device provides a total solution; featuring left- and right-click mouse buttons underneath it for additional ease-of-use. The mounting holes on the back further increase the units versatility.. Keyboard; Keyboard with Touchpad; Wired; PC compatible; Mac compatible; USB interface; Black. Key features Polycarbonate case with mounting holes; 24 function keys,Computer Accessories,IKEY,126.10,/images/1520624_IKEY_DU-5K_NEMA_4_INDUSTRIAL_KB_0d68366d.jpg
iKey NEMA 4X INDUSilverIAL TRACKeyboardALL,IKEY DT-TB-USB - trackball - USB. The DT-TB offers solid-state laser trackball technology in a completely sealed and waterproof enclosure. The trackball is easily removable for convenient cleaning; while an adjustable tension ring ensures the proper amount of trackball smoothness for any user. In addition; the DT-TB features sealed stainless steel switches; including a programmable button.. DT-TB-USB - Trackball - laser - 3 buttons - wired - USB. Key features Adjustable tension ring; ESD safe; Removable ball; Stainless steel case,Computer Accessories,IKEY,121.80,/images/1950530_IKEY_NEMA_4X_INDUSTRIAL_TRACKBALL_e128f892.jpg
iKey NEMA 4X LED USpace Black Keyboard W/TRACKeyboardALL,iKey DBL-810-TB-USB - keyboard. The DBL-810-TB is constructed using a highly rugged; stainless steel case and industrial silicone rubber pad. The DBL-810-TBs trackball pointing device is a completely sealed 25 mm unit. The trackball is operated using sealed stainless steel switches with left; right and middle click functions. The DBL-810-TB features integrated LED backlighting for use in low-light environments.. DBL-810-TB-USB - Keyboard - backlit - USB. Key features Integrated backlighting; Integrated trackball; PS2 or USB configurations available,Computer Accessories,IKEY,44.61,/images/2763049_IKEY_NEMA_4X_LED_USB_KB_WTRACKBALL_9ea4c6cc.jpg
iKey Sealed MOBILE Keyboard W/TOUCHPAD,iKey SB-87-TP-USB - keyboard. The SB-87-TP is iKeys thinnest keyboard to date; measuring only half an inch deep. Its sealed; streamlined case and silicone rubber keys meet IP65 standards; making it fully resistant to spills; cleaning procedures and the elements. Built for convenience and versatility in mobile computing applications; the SB-87-TP features an integrated touchpad; eliminating the need for an external pointing device. In addition; its red LED backlighting is ideal for nighttime or ambient-light use.. SB-87-TP-USB - Keyboard - backlit - USB. Key features 12 function keys; Full sealed; IP65 case; Integrated touchpad; Silicone rubber; Red LED backlit keys; USB connectivity; Ultra-thin design,Computer Accessories,IKEY,130.50,/images/3124186_IKEY_SEALED_MOBILE_KB_WTOUCHPAD_f1d02cd7.jpg
iKey Sealed TOUCHPAD Keyboard,iKey EKSB-97-TP - keyboard Input Device. The EKSB-97-TP is one of the very thin products; that is fully sealed and washable. It boasts a slim design and the added convenience of a built-in touchpad; along with larger keys for less data entry errors. Ideal for low-light areas; the keyboard is backlit with LED lighting. Meeting IP67 standards to be resistant to dirt; debris and liquids; it can easily withstand medical and industrial environments along with repeated cleaning procedures.. EKSB-97-TP - Keyboard - USB. Key features 12 function keys; Backlit keys; Integrated touchpad; LED; Full-size; USB connectivity; Ultra-thin design,Computer Accessories,IKEY,91.90,/images/5837582_IKEY_SEALED_TOUCHPAD_KEYBOARD_6b42bb3e.jpg
iKey SK-97-Touchpad USpace Black Keyboard W/Touchpad-White,iKey SK-97-TP-USB - keyboard - white Input Device. iKeys new SK-97-TP keyboard provides users with all the functionality of a full-sized keyboard and mouse in a slim; compact package. It is designed for infection control in todays healthcare environment; as well as for industrial applications. The fully-sealed keyboard has an integrated Synaptics touchpad and is compatible with all hospital approved disinfectants. It features higher profile keys that are easy to use; and right- and left-click buttons under the touchpad for added convenience and functionality. Measuring 14.5 x 5.5 x 1.6 (w-h-d); the durable and easily cleanable SK-97-TP is ideal for use in ORs; medical carts and industrial workstations.. Meets NEMA 4X specifications slim and compact design industrial silicone rubber keypad integrated Synaptics touchpad with right- and left-click buttons underneath 12 function keys 10-key numeric keypad MS Windows key USB connection.. Key features 12 function keys; Cleanable; liquid-proof design; Integrated 10-key numeric pad,Computer Accessories,IKEY,142.90,/images/1450409_IKEY_SK-97-TP_USB_KB_WTP-WHT_2e93708f.jpg
iKey SLIM DUAL CONNECTIVITY Keyboard,iKey BT-870-TP-SLIM - keyboard - with touchpad Input Device. This fully-sealed keyboard is designed to meet NEMA 4X specifications; meaning it is resistant to dirt; dust; water; ice and corrosives. Built with an industrial silicone rubber keypad and a rugged ABS polycarbonate case; the BT-870-TP-SLIM is easy to clean with disinfectants. The compact design and internal Bluetooth module make the BT-870-TP-SLIM highly portable. In addition; its red LED backlighting is ideal for nighttime or ambient-light use.. BT-870-TP-SLIM - Keyboard - with touchpad - USB; Bluetooth. Key features A MicroUSB cable is included to recharge the keyboard and turn it into a wired USB keyboard when necessary; Thin profile; ideal for easy storage,Computer Accessories,IKEY,20.40,/images/4496852_IKEY_SLIM_DUAL_CONNECTIVITY_KB_91b6566d.jpg
iKey USpace Black Keyboard Backlit Sealed,iKey SL-91 - keyboard Input Device. iKeys innovative SL-91 mobile keyboard was designed to accommodate rugged applications in manufacturing; material handling and remote data entry. Its unique epoxy-coated keys are arranged for convenient gloved-hand use. It features a small-footprint design; mounting holes in its case and a 10-key numeric pad. Like other keyboards in the iKey line; the SL-91 is constructed using a robust polycarbonate case and industrial silicone keypad; sealing it from dust; liquids and corrosives.. SL-91 - Keyboard - backlit - USB. Key features Integrated backlighting; 24 function keys; Built-in mounting holes; Integrated 10-key numeric pad; Lightweight ABS polycarbonate case,Computer Accessories,IKEY,103.40,/images/1826084_IKEY_USB_KEYBOARD_BACKLIT_SEALED_413a4131.jpg
Kensington PRO FIT WASH Keyboard-Black,Kensington Pro Fit USB Washable Keyboard - keyboard - US - black Input Device. You wash your hands to protect yourself from germs. What about your keyboard? The Kensington Pro Fit USB Washable Keyboard can be run under your tap and washed to remove germs and contamination. Plus the built-in antimicrobial material provides continuous microbe resistance.Features Antimicrobial material prevents the growth of mold; mildew; and fungi Rugged water-proof and washable design resists spills and makes cleaning easy Plug and play via USB Soft-touch keys offer a crisp; responsive touch for added comfort Black keyboard with 104-key layout Keyboard designed for use in many different environments; such as hospitals; government offices; schools and more Never immerse the USB plug Specifications Compatible with Windows 9598NT2000XPVista 104 Key layout Standard size Black color PS2USB connection WarrantyPro Fit USB Washable Keyboard is backed by the Kensington 2-Year warranty.. Anti-Microbial; Washable Waterproof; Soft Touch Keys; USB connection; Black. Key features Rugged waterproof and washable design resists spills and makes cleaning easy; Can safely stand up to immersion or frequent use of spray cleaners (USB connector cannot get wet). Meets MIL-STD-810H Method 504.3 Contamination by Fluids testing for resistance to breakdown when exposed to cleaning and disinfecting solvents such as alcoh; Wired; reliable USB connectivity without the need for batteries; 3 year warranty; Full-size 104-key layout; Compatible with Windows 10; 8.1; 8; 7 and Mac OS X 10.6 and later; Black keyboard with 104-key layout; Do not immerse the USB plug; Optimized for your Windows 11 keyboard needs.; This product is designed to comfortably fit and be effective for users of all hand sizes,Computer Accessories,Kensington,122.30,/images/1868670_KEN_PRO_FIT_WASH_KB-BLK_6cac6edb.jpg
Kensington Under Desk Keyboard Drawer,Kensington Underdesk Basic - keyboard drawer. Keyboard drawer mounts under desk and easily glides out of the way when not in use. Four mounting levels at different heights allow you the flexibility to find the most comfortable typing position.. Keyboard drawer. Key features Durable easy-glide drawer frees up workspace by mounting under the desk.; Can be mounted 2 to 3 below desk for individual comfort.; Durable plastic tray.; Black Professional Color; Dimensions 20.4W x 12.0D x 1.50H; TAA-compliant,Computer Accessories,Kensington,36.58,/images/1469323_KEN_UNDERDESK_KB_DRAWER_79e6d7a5.jpg
KensingtonSINGTON Keyboard FOR LIFE WIRELESS CMBO,Kensington Keyboard for Life Wireless Desktop Set - keyboard and mouse set Input Device. Mouse Dimensions 3.8 x 2.3 x 1.3 (96.4mm x 58mm x 33mm)Mouse Weight 80 gramsKeyboard Battery 2 AAA batteriesMouse Battery 1 AA battery.. Keyboard for Life Wireless Desktop Set - Keyboard and mouse set - wireless - 2.4 GHz. Key features Spill-proof protection on keyboard with a thin membrane that protects the electronics from liquids. Meets MIL-STD-810H Method 504.3 Contamination by Fluids testing for resistance to breakdown when exposed to cleaning and disinfecting solvents such as alcohol and bleach for at least 24 hours.; Full-size keyboard layout features six rows including numeric keypad; 1200 DPI optical sensor on mouse provides high-definition tracking for enhanced performance; Comfortable two-button; scroll wheel mouse design is ideal for mobile right-handed or left-handed users; 2.4GHz wireless connection allows for complete freedom and mobility; Plug Play installation so you can be up and running quickly to start typing and scrolling; Compatible with Windows 8.187. USB-C to USB-A connector is needed for newer Mac products; Optimized for your Windows 11 keyboard and mouse needs.; This product is designed to comfortably fit and be effective for users of all hand sizes,Computer Accessories,Kensington,127.90,/images/4729261_KENSINGTON_KB_FOR_LIFE_WIRELESS_CMBO_d81429dd.jpg
KensingtonSINGTON PRO FIT ERGO WIRED Black,Kensington Pro Fit Ergo Wired Mouse - mouse - USB - black. With its built-in wrist support and neutral grip; the ergonomist-approved Pro Fit Ergo Wired Mouse positions your hand for improved comfort. Features include quiet clicking; plug play USB connection; five buttons (including forward and back); and four DPI settings (1000160024003200).. Pro Fit Ergo Wired Mouse - Mouse - ergonomic - right-handed - 5 buttons - wired - USB - black - retail. Key features Ergonomist-approved design positions your hand for improved comfort.; Built-in wrist rest and neutral grip supports; cushions; and positions the wrist for comfort and neutral hand alignment.; Quiet clicking makes for smooth and non-disruptive operation.; Plug play USB connection is simple and reliable.; Five buttons (including forward and back) enhance navigation and productivity.; Four DPI settings (1000160024003200) let you dial in the sensitivity and precision of your mouse cursor.; Optimized for your Windows 11 mouse needs.; This product is designed to comfortably fit users with small to medium-sized hands,Computer Accessories,Kensington,57.70,/images/5735852_KENSINGTON_PRO_FIT_ERGO_WIRED_BLK_ac0d5395.jpg
KensingtonSINGTON PRO FIT ERGO Wireless Keyboard Black,Kensington Pro Fit Ergo Wireless Keyboard - keyboard - US - black Input Device. With its split and sloped keyboard with adjustable reverse tilt and built-in wrist rest; the ergonomist-approved Pro Fit Ergo Wireless Keyboard positions your hands for improved comfort. Features include dual wireless (2.4 GHz and Bluetooth 4.0 LE) with 128-bit AES encryption security quiet typing spill-proof keys F-keys for shortcuts caps lock; numbers lock; and scroll lock a three-mode power-saving switch and a replaceable receiver. In the event the receiver is lost or damaged; simply purchase a new one; pair it with your mouse; and youre all set.. Pro Fit Ergo Wireless Keyboard - Keyboard - wireless - 2.4 GHz; Bluetooth 4.0 - US - black. Key features Ergonomist-approved design positions your hand for improved comfort.; Split and sloped keyboard with adjustable reverse tilt positions hands; wrists; and forearms for comfort and neutral alignment.; Built-in wrist rest supports; cushions; and cradles the wrists.; Dual wireless with 128-bit AES encryption security delivers the flexibility of 2.4 GHz and Bluetooth 4.0 LE; with government-grade encryption.; Quiet keys means typing is smooth; easy; and non-disruptive.; Spill-proof keys make cleanup fast and easy. Meets MIL-STD-810H Method 504.3 Contamination by Fluids testing for resistance to breakdown when exposed to cleaning and disinfecting solvents such as alcohol and bleach for at least 24 hours.; With a replaceable receiver; If your receiver is ever lost or damaged; simply purchase a new one (Part number K75223WW); pair it with your device; and youre all set.; Three-mode power-saving switch allows you to toggle between 2.4GHz; Bluetooth; and Off for best battery life.; Caps Lock; Numbers Lock; Scroll Lock; and F-Keys are popular features that make typing and navigating easier and more efficient.; This product is designed to comfortably fit users with average to larger sized hands,Computer Accessories,Kensington,143.50,/images/5735848_KENSINGTON_PRO_FIT_ERGO_WRLS_KB_BLK_d6154ce0.jpg
KEYOVATION GOLDTOUCH GO Keyboard NB STND,The Goldtouch Go!2 ErogSuite Bundle combines two of the favorite things The Go!2 Mobile Keyboard and The Go! Travel Laptop Tablet Stand. With this power packed suite; youll get the best of both worlds and a desktop that will the envy of the whole office. Your coworkers will be jealous - and your body will thank you.The sleek and slim Goldtouch Go!2 Mobile Keyboard is the perfect work and travel companion for the on-the-go worker. From the office to the airplane; this lightweight keyboard goes where you do and adjusts to your needs; allowing you to be maximally productive regardless of venue. Isnt that what a keyboard is meant to do?Goldtouch helps bring your Laptop to new heights with the Go! Travel Laptop Tablet Stand. No more contorting your body into awkward positions to see the screen. With this travel laptop and tablet stand; you can hack even the least ideal workspace into an ergonomic haven.. Go!2 Mobile Keyboard - Keyboard - USB; Bluetooth - with The Go! Travel Laptop iPad Stand. Key features Mobile comfort; Adjusts to fit you; Slim and lightweight,Computer Accessories,KeyOvation,58.90,/images/3373023_KEYOVATION_GOLDTOUCH_GO_KB_NB_STND_b525d41b.jpg
KINESIS FREESTYLE PRO Keyboard,Kinesis Freestyle Pro Keyboard. The award-winning Freestyle Pro keyboard offers the same advanced ergonomic features of the Freestyle2 but with the additional benefits of full on-board programmability and low-force Cherry MX Brown mechanical key switches. Instantly switch between Windows; Mac and Dvorak layouts or create your own. The FS Pro makes programming a breeze with onboard shortcuts and the no-install SmartSet App. And with a standard 20 linking cable everyonecan find their comfort zone.Zero degree slope form factorAs with the Freestyle2 the FS Pro retains a zero degree slope from front to back. Most keyboards including ergonomic models have a 10 degree positive slope. These designs tend to bend your wrists. The FS Pros zero degree slope decreases the height; effectively creating negative slope and reducing wrist extension.Adjustable linking cable accommodates a wide range of usersThe two key modules are connected by a 20 inch linking cable that can be adjusted to suit your preferences and body type. The basic configuration allows up to 12 inches of separation. If you need additional separation; simply remove the cable compartment cover located on the back of the left key module and thread out more of the stored cable until you find your desired width.Standard key layoutFamiliar key layout provides for minimal adaptation time.Optional tenting accessoriesFor people that are experiencing forearm discomfort two tenting accessories are available to reduce forearm pronation. The VIP3 Pro (with palm supports) and V3 Pro (without palm supports) attach easily to the underside of the Pro keyboard providing 3 easily adjustable slope settings of 5; 10 and 15 degrees.Optional palm supportsOptional padded palm supports reduce wrist extension by keeping wrists neutral.Mechanical Key SwitchesThe Freestyle Pro (KB900-BRN model) utilizes the Cherry MX Brown stem low-force tactile key switches.Tactility is a slightly elevated force around the midpoint of the stroke of the key which lets you know the switch is about to be activated. A tactile response is preferred by many ergonomists; because it cues your fingers that activation is about to occur and can reduce the frequency of bottoming out the switch with a hard impact.. Advanced ergonomics for all body types and preferences via adjustable split; splay; and tent (tenting accessories sold separately). new cable storage compartment supports up to 20 Of separation when you need it. - Genuine Cherry mechanical switches for premium typing feel and performance Cherry MX Brown mechanical switches feature a low activation force; tactile feedback; and are rated for 50 million key presses for unmatched durability,Computer Accessories,Kinesis,19.89,/images/5117211_KINESIS_FREESTYLE_PRO_KEYBOARD_d4d4fa1a.jpg
LOGITECH DRIVING FORCE SHIFTER 29,Logitech Driving Force Shifter For G923; G29 and G920 Racing Wheel - Black. The sim racing shifter for G29 and G920 Driving Force Racing Wheels. Add realistic shifting to your racing wheel setup and to the latest PC and console racing titles. Driving Force Shifter completes your racing rig with smooth six-speed shifting; authentic solid steel and leather construction; and built-in clamps for secure mounting to a table or racing rig. Get set for a high-performance shifting experience through every hairpin turn and straightaway.. The sim racing shifter for G29 and G920 Driving Force Racing Wheels Adds realistic shifting to your racing rig - Built to last Durable solid steel gear shifter and hand stitched leather boot and knob cover and six speeds with push down reverse gear,Electronics,Logitech Core,324.00,/images/4469620_LOGITECH_DRIVING_FORCE_SHIFTER_29_9d4667f5.jpg
LOGITECH GAMEPAD F310,Logitech F310 Wired Gamepad. Extensive game support Play hits and classics. Play console ports with their native-style controller or adopt a more relaxed position while enjoying PC games. F310 is easy to set up and use with your favorite games thanks to XInputDirectInput1Requires software installation for DirectInput mode. -the two most common input standards. Steam Big Picture Play on your TV. Pair the F310 with Big Picture and navigate Steam; surf the web; play games and more from the comfort of your couch. Bring your entire library of Steam games to the living room; grab your F310; sit back; and enjoy. Familiar console-like layout Pick up and play. Your instincts will guide your actions over the familiar layout. Youll be off and gaming in no time. Crafted for a console-like control experience and innovated from traditional design; F310 fits like a glove. Exclusive 4-switch D-pad Standard D-pads rest on a single pivot point; resulting in mushy control. The D-pad glides over four individual switches for a more responsive; tactile feel.WORKS WITH CHROMEBOOK CERTIFIED Meet the gear from Logitech G thats certified Works With Chromebook. The Works With Chromebook badge means that this Logitech G gear meets compatibility standards to work seamlessly with Chromebooks. Works with Android TV Our game controllers work well with Sony Android TVs. With the controller switch in XID mode; our console-like layout will give you the edge as you compete. Smooth curves and contoured rubber grips provide long; comfortable play sessions. Standard Android TV controls - provided through the Logitech Logo button on the gamepad together with the Back key on the controller - allow you to navigate your Android TV seamlessly. Easy to set up and use Adapt and customize. Change the standard commands or adapt F310 for play with an unsupported title; using Logitech profiler software. Buttons and controls are fully programmable and can even mimic keyboard and mouse commands.. Simple plug-and-play USB connection; works with Windows XP; Vista and 7 - Customizable with Profiler software (requires software installation) - Broad game support-works with popular new titles and old favorites - 10 programmable buttons; 8-way programmable D-pad - NOTE Refer the User Manual before use. - Customizable with Profiler software (requires software installation),Electronics,Logitech Core,189.90,/images/2168504_LOGITECH_GAMEPAD_F310_b5422d86.jpg
LVO USpace Black NUMERIC Keypad GEN II,Lenovo Numeric Keypad Gen II - keypad - black Input Device. No matter what type of professional you are; youll appreciate the efficiency and portability of the Lenovo USB Numeric Keypad Gen II. Its got all the features of our classic keypad; but with a more stylish; and functional design. Just plug it in; wait a few seconds; and youre good to go.. Numeric Keypad Gen II - Keypad - USB - black,Computer Accessories,Lenovo Client Accessories,99.10,/images/5444366_LVO_USB_NUMERIC_KEYPAD_GEN_II_e4028ff4.jpg
MOTOROLA ON-SITE 2 WAY RADIO,Motorola RMV2080 two-way radio - VHF. Empower your team with a faster way to communicate. The RMV2080 on-site two-way business radio helps you communicate instantly; without missing a beat. With crisp; clear audio throughout the workplace and exceptional durability; the RMV2080 wont quit in. Portable - two-way radio - VHF - 150.8 - 160 MHz - 8-channel. Key features Business-exclusive frequencies; Enhanced audio quality; Rugged design; Channel announcement with voice alias; Advanced Voice Activation (VOX); Power and coverage; Antimicrobial coating; LED interface,Electronics,Motorola Radios,409.00,/images/3276465_MOTOROLA_ON-SITE_2_WAY_RADIO_f755da57.jpg
PI ENGINEERING XK-60 USpace Black 60 KEYS,P.I. Engineering X-keys XK-60 - keypad. 60 re-legendable keysAddressable blue and red backlighting for each keyCreate a bump bar or custom control pad with keycaps and key blockersHardware mode features support keyboard; mouse; and joystick emulationUSB HID class device. Keypad - backlit - USB. Key features 60 re-legendable keys; Addressable blue and red backlighting for each key; Create a bump bar or custom control pad with keycaps and key blockers; Hardware mode features support keyboard; mouse; and joystick emulation; USB HID class device,Computer Accessories,Pi Engineering,95.50,/images/3079305_PI_ENGINEERING_XK-60_USB_60_KEYS_8c6b907c.jpg
PIONEER IP68 USpace Black Mouse WHITE,Pioneer - mouse - USB - white. Mouse - ergonomic - wired - USB - white. Key features Medical grade with silicone rubber; IP68 sealed for dust and liquids; USB interface; Thin and ergonomic design,Computer Accessories,Pioneer,46.44,/images/5483821_PIONEER_IP68_USB_MOUSE_WHITE_12672cda.jpg
PLANAR PLL2450MW 24IN LED LCD Monitor,Planar PLL2450MW - LED monitor - Full HD (1080p) - 24 - with 3-Years Warranty Planar Customer First. The Planar PLL2450MW 24 Full HD LCD desktop monitor features wide viewing angles; integrated TrueMedia speakers and VGA and HDMI video inputs. With its small footprint; it can be mounted on a multi-monitor stand for home; office or healthcare applications. The Planar PLL2450MW offers wide viewing angles and excellent color balance while maintaining a quick refresh rate. Blue light reduction presets help lower eye fatigue and maintain visual comfort.. PLL2450MW - LED monitor - 24 (23.6 viewable) - 1920 x 1080 Full HD (1080p) - 250 cdm² - 30001 - 12.5 ms - HDMI; VGA - speakers - black - with 3-Years Warranty Planar Customer First. Key features 24 LCD monitor with 1920 x 1080 resolution; HDMI and analog video inputs; Wide viewing angles (178178),Computer Monitors Displays,Planar,105.90,/images/4678853_PLANAR_PLL2450MW_24IN_LED_LCD_MON_ed8105b6.jpg
SEAL SHIELD STORM MEDICAL OPT MOU,Seal Shield Silver Storm Waterproof - mouse - USB - white. SILVER STORM Medical Grade Optical Mouse With Scroll Wheel - Dishwasher Safe and Antimicrobial (White)(USB). The original DISHWASHER SAFE Scroll Wheel mouse. Manufactured with SEAL SHIELD Waterproof Technology (Patent Pending) and SILVER SEAL infused plastic for antimicrobial protection of the mouse surface. The SILVER STORM Scroll Wheel Mouse is the original mouse that is washable and SILVER SEAL protected. SILVER SEAL technology protects the mouse between washings. The SILVER STORM Scroll Wheel; 800 dpi optical mouse is fully submersible DISHWASHER SAFE has a 24K Gold-plated USB Connector to prevent corrosion and is manufactured to IP-68 standards. Includes (1) SILVER STORM Medical Grade Optical Mouse With Scroll Wheel - Dishwasher Safe and Antimicrobial (White)(USB) (1) SEAL CAPTM(Patent pending) USB Connection Cover. Windows and Mac compatible.. Mouse; Wired; Optical; PC compatible; 2 buttons; 1 device(s) included; White. Key features 100 waterproof dishwasher safe; USB recharging base; Compatible with germicidal cleaners,Computer Accessories,Seal Shield,40.51,/images/2079120_SEAL_SHIELD_STORM_MEDICAL_OPT_MOU_e43381b9.jpg
TARGUS OPT NB USpace Black MOU,Targus USB Optical Laptop Mouse. The Targus USB Optical Laptop Mouse is a three-button mouse with an ergonomic design to provide comfort while in use. Designed for both left and right-handed users; the mouse features an integrated scroll wheel making it easy to navigate through web pages or lengthy spreadsheets at a quick pace. Featuring a 6ft. USB connection and a 1;000 DPI optical sensor; this cost effective mouse is easy to use - simply plug and play. No drivers are required. Large enough for comfortable desktop use; this mouse is also small enough to fit inside of a laptop case for easy travel.. USB Optical Notebook Mouse,Computer Accessories,Targus,67.40,/images/2129219_TARGUS_OPT_NB_USB_MOU_f6f80063.jpg
TEXAS TI NSPIRE CX II GRAPHING CALCU,Texas Instruments TI-Nspire CX II - graphing calculator. The Texas Instruments TI-Nspire CX II Graphing Calculator expands the platforms uniquely visual; hands-on approach to conceptual inquiry; discovery and exploration in math; science and STEM classrooms and colleges. This graphing calculator allows you to visualize function; parametric and polar graphs as they are drawn in real time. It also lets you explore direct connections between dynamic coefficients in equations and graphs. You can even create dynamic points defined by coordinates; sliders or expressions quickly. Using this calculator; you can write code for visual illustration of key math; science and STEM ideas.Six different graph styles and 15 colors to select from for differentiating each graph drawnNumeric evaluations in table format for all graphing modesUser-defined list names in Lists and SpreadsheetBuilt-in interactive geometry capabilities. Graphing Calculator - TI-Rechargeable Battery - USB Port for Computer Connectivity - Backlit Display - 320x240 Pixels - Eleven Interactive Zoom Features - 3D Graphing - USB Cable Included. Key features Animated path plot; Dynamic coefficient values; Points by coordinates; Tick-mark labels; TI-Basic programming enhancements; Easier-to-read graphics,Office Equipment Supplies,Texas Instruments,171.40,/images/5499656_TEXAS_TI_NSPIRE_CX_II_GRAPHING_CALCU_68273774.jpg
VERB USpace Black Mini TRAVEL OPT MOU Black,Verbatim Optical Mini Travel Mouse - mouse - USB - black. Go Mini! This mini optical travel mouse works great on the go. The ultra-portable design takes up little space and is perfect for notebook users. No need to wrap the cord around the mouse or deal with tangles the optical travel mouse features a convenient retractable USB cable. On a plane or in a car; plug this mini mouse into your USB port and start dragging and dropping files. This portable mouse works on any computer with a USB port.. Mouse; Wired; Optical; PC compatible; 1 device(s) included; Black. Key features Ultra portable design; Retractable USB cable; USB 2.0 interface (also compatible with USB 1.1 ports); Compatible with Windows 98; ME; Windows XP; 2000; Vista 7; Verbatim 1-year limited warranty,Computer Accessories,Verbatim,83.20,/images/2132944_VERB_USB_MINI_TRAVEL_OPT_MOU_BLK_defd79d6.jpg
VERB Wireless Mini TRAVEL GRAP MOU,Verbatim Wireless Mini Travel Mouse - mouse - 2.4 GHz - graphite. Go Mini! Verbatims new Nano travel mouse is ultra-compact and wireless too! A great solution for people on the gothis optical mouse is ideal for notebook and netbook users. The small Nano receiver plugs into your laptops USB port and can stay no need to plug and unplug a bulky receiver or deal with cords! With 2.4GHz reliability and performance; the travel mouse ensures no delays in cursor movement. This portable mouse comes in a variety of fun colors and works on any computer with a USB port.Ultra-portable design is great for storing in a briefcase for use on the roadNano wireless receiver small enough to plug in once and leave connectedUSB 2.0 interface (also compatible with USB 1.1 ports) allows for 2.4GHz wireless reliability and performanceFunctional mouse is compatible with Windows 7; Vista; and XP operating systemsBacked by a Verbatim 1-year limited warrantySize 3 L x 2 W x 1.25 HColor Graphite. Great for laptops and netbooks. Nano wireless receiver is small enough to plug in once and leave connected.. Key features Ultra-portable design is great for storing in a briefcase for use on the road; Nano wireless receiver - small enough to plug in once and leave connected; USB 2.0 interface (also compatible with USB 1.1 ports) - allows for 2.4GHz wireless reliability and performance; Backed by a Verbatim 1-year limited warranty,Computer Accessories,Verbatim,124.00,/images/2288137_VERB_WRLS_MINI_TRAVEL_GRAP_MOU_ba55f3a4.jpg
VERBATIM SILENT Wireless Mouse,Verbatim Silent - keyboard and mouse set - black Input Device. Say goodbye to noise and hello to silence with the Verbatim Silent Mouse and Keyboard. Using Silent technology; silent click switches; and rubber covers; these Verbatim products are truly silent. The nano receiver is small enough to plug in and leave connected and the 2.4 GHz wireless performance allows for a lag-free connection. The Silent Mouse features Blue LED technology; allowing users to point and click on more surfaces than other mice - from a glass table to the granite kitchen counter! The Silent Keyboard features a full numeric keypad and full-size function keys; all within a slim; efficient design.. Silent - Keyboard and mouse set - wireless - 2.4 GHz - black. Key features Truly silent mouse and keyboard featuring Silent Technology; silent click switches; and rubber covers; 2.4Ghz wireless connection for lag-free performance; Blue LED technology allows for use on virtually any surface with precision and control; Ergonomically-designed mouse with comfort grip for ease-of-use; Slim keyboard features full numeric keypad and full-size function keys; Plug-and-forget nano receiver connects mouse and keyboard to computer - stores conveniently inside mouse; Compatible with Windows and Mac platforms,Computer Accessories,Verbatim,77.80,/images/4846777_VERBATIM_SILENT_WRLS_MOUSE_797ddf7b.jpg
