category,subcategory,name,description,url,price,image
LEDs and LED Lighting,LED Modules,SparkFun 24V 750mA COB LED Linear Module Kit SYN1156B,"The SparkFun 24V 750mA COB LED Linear Module Kit SYN1156B is a high-brightness LED module with a maximum current of 750mA and a maximum voltage of 24V, featuring a ±5% current tolerance. It is available in a compact 12.5mm x 50mm x 6.5mm aluminum housing and operates within a temperature range of -20°C to 60°C. This module is suitable for a variety of applications, including LED strips, display lighting, and decorative lighting. The module is designed for effortless surface mounting and can be easily integrated into existing lighting systems. Key specs: 24V, 750mA, 5% tolerance, 12.5mm x 50mm x 6.5mm.",https://www.arrow.com/en/products/led_modules_sf_cob_syn1156b,87.59,/images/LED_Modules_SF_COB_SYN1156B.jpg
Displays,LCD Monitors,"Elo Touch Solutions 10.1 inch Sunlight-Readable Marine Display - 1080p, Touchscreen","The Elo Touch Solutions 10.1 inch Sunlight-Readable Marine Display is a high brightness, 1080p, touchscreen LCD monitor designed for harsh marine environments. Operating from 9-36V DC at a maximum current of 2A, this display supports a wide range of voltage inputs and has a tolerance of 10%. With a 60Hz refresh rate and a temperature range of -20°C to 60°C, this display is well-suited for applications such as navigation systems and control panels on boats and yachts. Typical applications include marine electronics and outdoor digital signage. This display is housed in a rugged, marine-grade enclosure with a depth of 2.5 inches and IP65 rating. Key specs: 10.1 inch, 1080p, 1000 cd/m² brightness, Touchscreen, 9-36V DC, 2A, -20°C to 60°C.",https://www.arrow.com/en/products/lcd_monitors_elo_mar10_1t_touch_syn,486.99,/images/LCD_Monitors_ELO_MAR10_1T_TOUCH_SYN.jpg
Batteries and Accessories,Batteries,Yuasa 4-Pack NiMH AA 2000mAh Rechargeable Battery Kit - SYN-400A,"The Yuasa 4-Pack NiMH AA 2000mAh Rechargeable Battery Kit is a set of four Nickel-Metal Hydride AA batteries with a nominal voltage of 1.2V and a capacity of 2000mAh each, suitable for a wide range of applications including flashlights, toys, and household devices. The batteries have a self-discharge rate of less than 20% per year and can be recharged up to 500 times. They are designed for use in temperatures between -20°C and 40°C. Typical applications include power tools, radios, and remote controls. The kit includes four AA batteries and a plastic storage case. Key specs: 1.2V, 2000mAh, NiMH, Rechargeable, 4-Pack.",https://www.arrow.com/en/products/batteries_yuasa_syn400a,10.99,/images/Batteries_YUASA_SYN400A.jpg
LEDs and LED Lighting,Lighting Fixtures,Cree Lighting 13W 3000K Dimmable LED Downlight Fixture CRI90+ DLC,"The CLR-DL13W3K-DLC is a 13W 3000K dimmable LED downlight fixture from Cree Lighting, featuring a high color rendering index of 90+ and DLC certification for energy efficiency, operates on 120V AC with a current of 100mA, has a frequency of 50/60Hz, and is suitable for use in temperatures ranging from -20°C to 40°C, ideal for residential and commercial lighting applications, the fixture is a compact 6-inch round design with a recessed ceiling mount Key specs: 13W, 3000K, CRI90+, DLC certified, 120V AC, 100mA, 50/60Hz.",https://www.arrow.com/en/products/lighting_fixtures_clr_dl13w3k_dlc,459.17,/images/Lighting_Fixtures_CLR_DL13W3K_DLC.jpg
RF and Microwave,Antennas,"2J Antennas LTE MIMO Puck Antenna, Dual-Band, Linear Polarization, 1.7-2.7 GHz","The 2J Antennas LTE MIMO Puck Antenna is a high-gain, dual-band antenna designed for 4G LTE applications, operating in the 1.7-2.7 GHz frequency range with linear polarization. It has a VSWR of less than 2:1 and a gain of up to 5 dBi. The antenna is suitable for use in various environments, with an operating temperature range of -40°C to 85°C. Typical applications include small cells, rural broadband, and IoT devices. The antenna is housed in a compact, ruggedized enclosure with a diameter of 100 mm and a height of 25 mm. Key specs: Dual-Band, 1.7-2.7 GHz, Linear Polarization, 5 dBi gain.",https://www.arrow.com/en/products/antennas_2ja_lte_mimo_syn,121.59,/images/Antennas_2JA_LTE_MIMO_SYN.jpg
Wire and Cable,Cable Assembly Coaxial,Amphenol RF A-RP-SMA-LLWF-005 Low-Loss WiFi Antenna Cable 5ft,"The Amphenol RF A-RP-SMA-LLWF-005 Low-Loss WiFi Antenna Cable is a 5ft long coaxial cable assembly designed for Wi-Fi antenna applications, featuring a maximum operating frequency of 6GHz, 50ohm impedance, and low loss of 0.2dB/ft at 2.4GHz. The cable is constructed with a flexible, flame retardant jacket and is rated for operating temperatures from -40 to 85°C. Typical applications include Wi-Fi access points, routers, and wireless network devices. The cable is terminated with a RP-SMA male connector and is shipped in a individual package. Key specs: 6GHz, 50ohm, 0.2dB/ft at 2.4GHz, -40 to 85°C, RP-SMA male connector.",https://www.arrow.com/en/products/cable_assembly_coaxial_arfllwcbl_005syn,42.00,/images/Cable_Assembly_Coaxial_ARFLLWCBL_005SYN.jpg
Computer Products,Computer Mouse,"iKey RGB Gaming Mouse, Wired, 16,000 DPI Optical Sensor, Ergonomic Design","The iKey RGB Gaming Mouse is a wired gaming mouse featuring a 16,000 DPI optical sensor, 16 million color RGB LED lights, and an ergonomic design for comfortable grip and movement. Operating voltage is 5V, current is 50mA maximum, and the device is compatible with Windows, macOS, and Linux operating systems. Typical applications include PC gaming and multimedia presentations. The device measures 4.9 x 2.8 x 1.7 inches and weighs 4.1 ounces. Key specs: Wired, 16,000 DPI Optical Sensor, 16 Million Color RGB LED, Ergonomic Design.",https://www.arrow.com/en/products/computer_mouse_ik_rgm_w16k_syn,23.95,/images/Computer_Mouse_IK_RGM_W16K_SYN.jpg
Computer Products,Keypads and Keyboards,"Logitech G512 Mechanical Gaming Keyboard, Romer-G Switches","The Logitech G512 is a high-performance mechanical gaming keyboard featuring Logitech's proprietary Romer-G switches, designed for gamers and enthusiasts alike. This keyboard operates at a nominal voltage of 5V and draws up to 500mA of current. It features customizable backlighting with a wide frequency range and is built with a durable, spill-resistant design. Ideal for gaming PCs and workstations, this keyboard is also suitable for high-productivity applications. The keyboard is housed in a compact, tenkeyless form factor with a ruggedized steel-reinforced frame. Key specs: Romer-G Switches, 5V, 500mA, Customizable Backlighting, Steel-Reinforced Frame.",https://www.arrow.com/en/products/keypads_and_keyboards_logg512_mec_syn,72.95,/images/Keypads_and_Keyboards_LOGG512_MEC_SYN.jpg
Wire and Cable,Cable Assembly Coaxial,L-com 6 Inch SMA Plug to RP-SMA Jack Coaxial Pigtail Cable Assembly,"The L-com LC-SMARP-6SYN is a 6 inch SMA plug to RP-SMA jack coaxial pigtail cable assembly, designed for applications requiring a compact and reliable RF connection. This cable assembly features a frequency range of 0-18 GHz, a maximum operating voltage of 1000V RMS, and a current rating of 500 mA. The assembly is built with a 50 ohm impedance coaxial cable, ensuring low signal loss and distortion. Typical applications include RF test and measurement, wireless communication systems, and satellite communication systems. This pigtail cable assembly is housed in a compact, flexible package, suitable for a variety of space-constrained installations. Key specs: 6 inch, SMA plug to RP-SMA jack, 0-18 GHz frequency range, 1000V RMS max voltage, 500 mA current rating.",https://www.arrow.com/en/products/cable_assembly_coaxial_lc_smarp_6syn,87.46,/images/Cable_Assembly_Coaxial_LC_SMARP_6SYN.jpg
LEDs and LED Lighting,"LED Light Bars, Arrays and Bar Graphs","Dialight 15.625in 24V Emergency Exit LED Light Bar, High Brightness","The Dialight DLY-EXL-24-SYN is a 15.625in long emergency exit LED light bar that operates at 24V DC and is designed to provide high brightness in emergency situations. It features a current rating of 180mA, a tolerance of ±10%, and is suitable for use in temperatures ranging from -20°C to 50°C. The light bar is typically used in emergency exit signs, stairwell lighting, and other applications where high brightness is required. The unit is housed in a rugged polycarbonate enclosure with end-to-end connectors for easy installation. Key specs: 24V, 180mA, ±10% tolerance, polycarbonate enclosure.",https://www.arrow.com/en/products/led_light_bars_arrays_and_bar_graphs_dly_exl_24_syn,129.99,/images/LED_Light_Bars_Arrays_and_Bar_Graphs_DLY_EXL_24_SYN.jpg
Mobile Computing,Tablet PCs,Honeywell Dolphin CT60HD 10.1 in. Mobile Computer Tablet with Zebra SE4710 Scanner,"The Honeywell Dolphin CT60HD is a fully rugged 10.1 in. mobile computer tablet designed for use in warehouses and distribution centers, featuring a Zebra SE4710 1D/2D barcode scanner with a scanning range up to 40 inches, operating from 3.5V to 4.2V DC and consuming 1.5A during scanning, with an operating temperature range of -20°C to 50°C, and is typically used for asset tracking and inventory management, and comes in a compact, ergonomic design that is easy to hold and use in the field. Key specs: 10.1 in. Display, Zebra SE4710 Scanner, 3.5-4.2V DC, -20°C to 50°C.",https://www.arrow.com/en/products/tablet_pcs_ct60hd_syn_101,587.99,/images/Tablet_PCs_CT60HD_SYN_101.jpg
Power Supplies,External Plug-In Adapters,CUI Inc. VOF-12-3-S5 12V 3A Desktop Adapter,"The VOF-12-3-S5 is a compact 12V 3A external plug-in adapter designed for high efficiency and reliability. It features a universal input range of 100-240VAC, 50/60Hz, with an output tolerance of ±5% and a high isolation voltage of 3000VAC. The adapter is also certified to meet the global energy efficiency standards, including Energy Star and ErP. It is suitable for various applications, including laptop charging stations, medical devices, and consumer electronics. The adapter has a compact IEC320-C5 connector and a desktop form factor with dimensions of 4.8 x 2.2 x 1.3 inches. Key specs: 12V, 3A, ±5% tolerance, 100-240VAC input, 50/60Hz.",https://www.arrow.com/en/products/external_plug_in_adapters_vof_12_3_syn,35.99,/images/External_Plug_In_Adapters_VOF_12_3_SYN.jpg
Audio Components,Microphones,Audio-Technica AT899LY-SYN Lavalier Tie-Clip Microphone - 20Hz to 20kHz,"The Audio-Technica AT899LY-SYN is a lavalier tie-clip microphone designed for capturing high-quality audio in public speaking, broadcasting, and film applications. It features a frequency response of 20Hz to 20kHz and an impedance of 250 ohms. The microphone has a maximum SPL of 120 dB and operates on 1.5V to 10V DC. It is housed in a durable ABS plastic case and comes with a 3.9-foot (1.2-meter) cable terminated with a 3.5mm TRS connector. The microphone is ideal for use with cameras, camcorders, and portable audio recorders. The AT899LY-SYN is compact and lightweight, making it easy to clip onto a shirt or tie. Key specs: 20Hz to 20kHz, 250 ohms, 1.5V to 10V DC, 120 dB SPL, 3.9-foot cable.",https://www.arrow.com/en/products/microphones_at899ly_syn,55.93,/images/Microphones_AT899LY_SYN.jpg
Batteries and Accessories,Batteries,Energizer 2400mAh NiMH AA Rechargeable Battery 4-Pack EL1234SYN,"The Energizer 2400mAh NiMH AA Rechargeable Battery 4-Pack is a reliable and long-lasting power solution for various portable devices. With a nominal voltage of 1.2V and a capacity of 2400mAh, these batteries can handle moderate to high-drain applications. They have a self-discharge rate of less than 20% per year and can be charged up to 400 times. Typical applications include cordless power tools, gaming controllers, and portable speakers. Each battery measures 49.2mm in length, 14.3mm in diameter, and weighs 23 grams, making them a compact and lightweight power solution. Key specs: 2400mAh, 1.2V, NiMH, AA, 400 charge cycles.",https://www.arrow.com/en/products/batteries_el1234syn,23.45,/images/Batteries_EL1234SYN.jpg
Computer Products,Printers,Honeywell PC43t Direct Thermal Industrial Barcode Printer 4-in 300dpi SYN-1234A,"The Honeywell PC43t is an industrial barcode printer designed for mid-to-high volume printing applications, offering 300dpi resolution and a 4-inch print width. It operates from a 24V DC supply and draws up to 4A of current. The printer features a metal housing and supports a wide range of media types. Typical applications include manufacturing, warehousing, and healthcare. The printer measures 10.2 inches wide, 9.4 inches deep, and 8.1 inches high, making it suitable for desktop or production-line use. Key specs: 300dpi, 4-in print width, 24V DC, 4A, metal housing.",https://www.arrow.com/en/products/printers_hpc43t_syn_1234a,998.19,/images/Printers_HPC43T_SYN_1234A.jpg
Power Supplies,External Plug-In Adapters,Phihong 12V 3A Desktop Adapter PSC03A120-1420,"The Phihong 12V 3A Desktop Adapter PSC03A120-1420 is a high-efficiency, external power supply delivering 12V DC at 3A with ±5% tolerance. Operating at a frequency of 50/60 Hz, this adapter features a universal AC input of 90-264V AC. Typical applications include powering small desktop devices, routers, and security cameras. The adapter comes in a compact, UL-approved desktop package measuring 3.5 x 2.5 x 1.2 inches. Key specs: 12V, 3A, ±5% tolerance, 50/60 Hz, compact desktop package.",https://www.arrow.com/en/products/external_plug_in_adapters_psa1228_syn,43.99,/images/External_Plug_In_Adapters_PSA1228_SYN.jpg
Wire and Cable,Cable Assembly USB,"StarTech 3ft USB 3.0 Type-A to Micro-B Cable, Molded, Black, USB3.0MB3CM","This cable is a 3ft USB 3.0 Type-A to Micro-B cable, designed for high-speed data transfer and charging applications. It features a molded design for added durability and is compliant with the USB 3.0 specification, supporting speeds up to 5Gbps. The cable is rated for 5V, 2.4A maximum current and operates within a temperature range of -20°C to 80°C. This cable is ideal for use in mobile device charging and data transfer applications. It has a black PVC jacket and is available in a compact, easy-to-use package. Key specs: 3ft, USB 3.0, Type-A to Micro-B, 5V, 2.4A, -20°C to 80°C.",https://www.arrow.com/en/products/cable_assembly_usb_usb3_mic_3f_syn,20.58,/images/Cable_Assembly_USB_USB3_MIC_3F_SYN.jpg
Data Storage,USB Flash Drives,"ADATA 64GB USB-C Metal Flash Drive, High-Speed Storage SYN-6381U","The ADATA 64GB USB-C Metal Flash Drive is a high-speed storage device that provides fast data transfer speeds of up to 5Gbps and features a durable metal casing for added protection, it operates at a voltage of 5V and a current of 100mA with a temperature range of 0 to 40°C, ideal for applications such as secure data storage and content creation, this flash drive is also compatible with both Windows and Mac operating systems and has a compact size of 64.8mm x 20.6mm x 8.8mm Key specs: 64GB, USB-C, 5Gbps, 5V, 100mA.",https://www.arrow.com/en/products/usb_flash_drives_asyn6381u,107.99,/images/USB_Flash_Drives_ASYN6381U.jpg
Displays,LCD Monitors,"Winmate 15-Inch SXGA Industrial Panel Monitor, 4:3 Aspect, 1024x768, 450cd/m2","The Winmate WM-1553-IPM-SXGA-SYN is a 15-inch industrial panel monitor with a 4:3 aspect ratio and SXGA resolution of 1024x768 pixels, featuring a high brightness of 450cd/m2, a contrast ratio of 700:1, and a response time of 16ms, suitable for industrial control and automation applications, operating within a temperature range of -20°C to 60°C and a voltage range of 12-24V DC, housed in a rugged metal chassis with IP65 protection and VESA mounting holes Key specs: 15-inch, SXGA, 1024x768, 450cd/m2, 4:3 aspect ratio, IP65 protection.",https://www.arrow.com/en/products/lcd_monitors_wm_1553_ipm_sxga_syn,644.99,/images/LCD_Monitors_WM_1553_IPM_SXGA_SYN.jpg
Computer Products,Printers,HP Color LaserJet Pro M182 Multifunction Printer with Wireless Printing,"The HP Color LaserJet Pro M182 is a color laser all-in-one printer that offers crisp and vibrant prints at speeds of up to 18 pages per minute. Operating at a voltage of 120V and consuming a maximum current of 1.2A, this printer has a standby power consumption of 1.8W. The recommended operating temperature range is between 50°F and 86°F. Ideal for use in small to medium-sized offices, this printer also supports wireless printing for added convenience. The printer is compact, measuring 16.5 x 14.5 x 10 inches and weighing 24.3 pounds. Key specs: Color Laser, All-in-One, Wireless Printing, 120V, 1.2A, 18 ppm.",https://www.arrow.com/en/products/printers_j4s29a_syn,923.92,/images/Printers_J4S29A_SYN.jpg
RF and Microwave,Antennas,Pulse Electronics LTE MIMO 4G Puck Antenna for IoT & M2M Applications,"This is a compact LTE MIMO puck antenna from Pulse Electronics, designed to provide high-performance 4G wireless connectivity for IoT and M2M applications. Operating at a frequency range of 698-960 MHz and 1710-2690 MHz, it supports MIMO technology for improved data throughput. The antenna features an impedance of 50 ohms, a gain of 3 dBi, and a VSWR of 2:1. It is suitable for use in industrial automation, smart metering, and other applications requiring reliable wireless connectivity. The antenna is housed in a durable IP67-rated enclosure, measuring 57 x 57 x 16 mm. Key specs: 698-960 MHz, 1710-2690 MHz, 50 ohms impedance, 3 dBi gain, MIMO, IP67-rated.",https://www.arrow.com/en/products/antennas_w4613_syn,9.19,/images/Antennas_W4613_SYN.jpg
Batteries and Accessories,Batteries,"Panasonic 18650 Lithium-Ion 3000mAh Rechargeable Battery Cell, 3.7V, 20A Continuous Discharge","Panasonic 18650 lithium-ion battery cell with 3000mAh capacity, 3.7V nominal voltage and 20A continuous discharge current. Operating temperature range is -20 to 60 degrees Celsius. Suitable for high-drain applications such as power tools, e-bikes, and robotic systems. The battery features a protection circuit to prevent overcharge and over-discharge. The battery is a standard 18650 cylindrical shape with 18mm diameter and 65mm length. Key specs: 3000mAh, 3.7V, 20A continuous discharge, -20 to 60 degrees Celsius operating range.",https://www.arrow.com/en/products/batteries_pb18650_3000syn,36.74,/images/Batteries_PB18650_3000SYN.jpg
RF and Microwave,Bluetooth,STMicroelectronics BLE 5.3 Module with PCB Antenna STM32WB55XG-YN29F3,"The STM32WB55XG-YN29F3 is a Bluetooth Low Energy 5.3 module with a PCB antenna, designed for use in a wide range of applications including IoT devices, wearable devices, and smart home appliances. It operates at a frequency of 2.4GHz and has a transmit power of up to 8dBm. The module is powered by a 1.8V to 3.6V DC supply and has a maximum current consumption of 10mA. It is packaged in a compact 18.5mm x 12.5mm x 2.5mm form factor. The module is also FCC, CE, and KC certified. Key specs: 2.4GHz, 8dBm, 1.8-3.6V, 10mA, BLE 5.3.",https://www.arrow.com/en/products/bluetooth_stmwb55syn_10_000,9.95,/images/Bluetooth_STMWB55SYN_10_000.jpg
Test and Measurement,Thermal Imagers,"Seek Thermal CompactXR Drone-Mount Radiometric Camera, 320x240 pixels, -20°C to 150°C","The Seek Thermal CompactXR is a highly sensitive, drone-mountable radiometric camera designed for industrial, commercial, and public safety applications. This camera features 320x240 pixels, a temperature range of -20°C to 150°C, and a 9Hz frame rate. The module operates at 5V DC with a current draw of 500mA and weighs 13g. The CompactXR is ideal for applications such as aerial thermography, search and rescue, and industrial inspection. The camera comes in a compact, weather-sealed form-factor with a standard M12 lens mount. Key specs: 320x240 pixels, -20°C to 150°C, 9Hz frame rate, 5V DC, 500mA.",https://www.arrow.com/en/products/thermal_imagers_st_cmpctr_syn1a,765.49,/images/Thermal_Imagers_ST_CMPCTR_SYN1A.jpg
Power Supplies,External Plug-In Adapters,"Mean Well 9V 850mA Center-Negative Adapter, SW-8-09N","The Mean Well SW-8-09N is a center-negative 9V 850mA external plug-in adapter, designed to deliver reliable power to a wide range of applications. The adapter operates within a universal AC input range of 100-240V and features a high efficiency of 82% with an output tolerance of ±5%. It has a switching frequency of 50kHz, a maximum ambient operating temperature of 40°C, and meets safety standards including UL, ETL, and CCC. Typical applications include powering test and measurement equipment, LED lighting, and low-power industrial devices. The adapter has a compact form factor with a length of 4.8 inches and a weight of 7.6 ounces. Key specs: 9V, 850mA, ±5% tolerance, center-negative.",https://www.arrow.com/en/products/external_plug_in_adapters_mw_sw8_09n_syn,36.19,/images/External_Plug_In_Adapters_MW_SW8_09N_SYN.jpg
Wire and Cable,Cable Assembly AC Power,"Qualtek Hospital-Grade Green-Dot Cord, 15A 125V 5ft NEMA 5-15P to IEC320 C13","The Qualtek QT-HGC-5-15-125-SYN is a 5ft hospital-grade AC power cord assembly with a NEMA 5-15P plug to IEC320 C13 connector, rated for 15A and 125V. This cord meets the stringent requirements of the medical industry, with a high-temperature rating of 105°C and a minimum bend radius of 5 times the cable diameter. It is designed for use in medical devices, patient monitoring equipment, and other healthcare applications where safety and reliability are paramount. The cord is also suitable for use in commercial and industrial settings where a high level of safety is required. The unit is packaged as a single, pre-assembled cord with a molded plug and receptacle. Key specs: 15A, 125V, 5ft, NEMA 5-15P to IEC320 C13, 105°C temperature rated.",https://www.arrow.com/en/products/cable_assembly_ac_power_qt_hgc_5_15_125_syn,16.17,/images/Cable_Assembly_AC_Power_QT_HGC_5_15_125_SYN.jpg
Wire and Cable,Cable Assembly USB,"Anker Right-Angle USB-C Cable, 3A, 3M, Nylon Braided","The Anker Right-Angle USB-C Cable is a 3-meter long, 3A rated cable designed for reliable and high-speed data transfer and power delivery. With a nylon braided outer jacket, this cable is durable and resistant to tangling and wear. It supports USB 2.0 with a bandwidth of up to 480 Mbps and is backward compatible with USB 1.1. Typical applications include connecting smartphones, tablets, and laptops to computers or wall chargers. The right-angle design allows for easy connectivity in tight spaces, making it ideal for use with wall-mounted devices or in vehicle installations. The cable is shipped in a compact, resealable package. Key specs: 3A, 3M, USB 2.0, 480 Mbps, Nylon Braided.",https://www.arrow.com/en/products/cable_assembly_usb_ank_u2c_3a_syn,39.49,/images/Cable_Assembly_USB_ANK_U2C_3A_SYN.jpg
Test and Measurement,Thermal Imagers,FLIR Vue 640 336x256 30Hz Drone Thermal Camera A-Series-SYN,"The FLIR Vue 640 336x256 30Hz Drone Thermal Camera A-Series-SYN is a high-resolution radiometric camera for drone-based thermal imaging applications, featuring a 336x256 resolution, 30Hz frame rate, and accurate temperature measurements between -40°C to 150°C. Operating within a voltage range of 4.5V to 5.5V, the camera draws a maximum current of 600mA. With a compact design and IP67 rating, it's ideal for aerial inspection, precision agriculture, and environmental monitoring. The module comes in a 42.5mm x 42.5mm x 13.1mm form factor with a 10-pin M12 connector interface. Key specs: 336x256, 30Hz, -40°C to 150°C, 4.5V to 5.5V, 600mA, IP67.",https://www.arrow.com/en/products/thermal_imagers_flr_a336_640_syn,1457.49,/images/Thermal_Imagers_FLR_A336_640_SYN.jpg
Thermal Management,Heat Sinks,Wakefield-Vette 60x60x20mm Extruded Aluminum Profile Heatsink,"The Wakefield-Vette WV-ESA6020-SYN is an extruded aluminum profile heatsink with a size of 60x60x20mm, designed to provide efficient heat dissipation for a wide range of applications. This heatsink is made of aluminum alloy 6063-T5 with a thermal conductivity of 237 W/mK and a maximum operating temperature of 150°C. The heatsink features a smooth surface finish and is suitable for mounting TO-220, TO-247, and D2PAK packages. Typical applications include power amplifiers, motor controls, and DC-DC converters. The heatsink is a complete, ready-to-use module with a compact footprint. Key specs: 60x60x20mm, 237 W/mK thermal conductivity, 150°C max operating temperature, smooth surface finish, aluminum alloy 6063-T5.",https://www.arrow.com/en/products/heat_sinks_wv_esa6020_syn,5.23,/images/Heat_Sinks_WV_ESA6020_SYN.jpg
"Boxes, Enclosures and Racks","Box, Enclosure and Rack","OKW IP65 Polycarbonate Wall Box, 3.25 x 2.25 x 5.25 in.","The OKW IP65 polycarbonate wall box is a protective enclosure designed for mounting on a wall to house electrical components. It features a secure snap-lock closure and a hinged door for easy access. The enclosure is impact resistant and suitable for use in a variety of applications including industrial control systems, building automation, and security systems. It can be used indoors or outdoors in harsh environments and is available in a range of sizes. This model measures 3.25 x 2.25 x 5.25 inches. The wall box has a temperature range of -20°C to 80°C and a maximum relative humidity of 90%. Key specs: IP65, 3.25 x 2.25 x 5.25 in., polycarbonate, hinged door.",https://www.arrow.com/en/products/box_enclosure_and_rack_okw_bx_wp36syn,18.75,/images/Box_Enclosure_and_Rack_OKW_BX_WP36SYN.jpg
LEDs and LED Lighting,"LED Light Bars, Arrays and Bar Graphs","Banner Engineering Linear LED Light Bar, 24V, 120lm, White","The Banner Engineering LEX120-WH-SYN is a 24V linear LED light bar providing 120 lumens of white light, with a typical current consumption of 200mA and a tolerance of ±10%. Operating frequency is 50/60Hz. The LED bar operates in temperatures ranging from -20°C to 60°C. It is commonly used in applications such as machine lighting and workstations. The LED light bar is a self-contained module with a compact design and is easily mounted with M3 screws. Key specs: 24V, 120lm, 200mA, ±10% tolerance, 50/60Hz, -20°C to 60°C.",https://www.arrow.com/en/products/led_light_bars_arrays_and_bar_graphs_lex120_wh_syn,36.45,/images/LED_Light_Bars_Arrays_and_Bar_Graphs_LEX120_WH_SYN.jpg
Power Supplies,Uninterruptible Power Supply Systems - UPS,CyberPower CP1000AVRLCD 1000VA Desktop Line-Interactive UPS,"The CyberPower CP1000AVRLCD is a 1000VA desktop line-interactive UPS with an output voltage of 120V and frequency of 60Hz, featuring automatic voltage regulation to stabilize output voltage within 3% tolerance, with a backup runtime of up to 11 minutes at half load, designed to protect critical equipment such as computers and network servers, also suitable for home office equipment, housed in a compact desktop form factor with an LCD display and USB ports. Key specs: 1000VA, 120V, 60Hz, 3% tolerance, 11 minutes backup runtime.",https://www.arrow.com/en/products/uninterruptible_power_supply_systems_ups_cp1000syn_1,265.00,/images/Uninterruptible_Power_Supply_Systems_UPS_CP1000SYN_1.jpg
Test and Measurement,Bench Power Supplies,"BK Precision 9119A-B Triple-Output Linear Bench Power Supply, 30V, 3A, 0.01% Acc.","The BK Precision 9119A-B is a triple-output linear bench power supply designed to deliver clean and stable DC power for a wide range of applications. The supply features three isolated outputs, each with a maximum voltage rating of 30V and a maximum current rating of 3A, with a high accuracy of 0.01%. The supply operates at a frequency of 50/60Hz and has a temperature range of 0°C to 40°C. Typical applications include laboratory research, product development, and educational settings. The supply is housed in a compact, 3U-high enclosure with a front-panel interface featuring rotary controls, LED displays, and binding posts. Key specs: 30V, 3A, 0.01% accuracy, 50/60Hz, 3U-high enclosure.",https://www.arrow.com/en/products/bench_power_supplies_bk9119a_syn,878.00,/images/Bench_Power_Supplies_BK9119A_SYN.jpg
Embedded Controllers and Systems,Single Board Computers - SBCs,"Hardkernel ODROID-XU Industrial Fanless Box PC, Quad-core 2GHz ARM Cortex-A15/A7, 2GB RAM, Linux","The ODROID-XU is an industrial fanless box PC from Hardkernel, powered by a quad-core 2GHz ARM Cortex-A15/A7 processor and 2GB of RAM, making it a suitable solution for demanding applications such as industrial automation and edge computing, with a power consumption of 4.5W at 5V and an operating temperature range of 0°C to 40°C, this compact system is ideal for IoT applications and digital signage, housed in a rugged aluminum enclosure with a compact size of 83 x 56 x 27mm Key specs: Quad-core 2GHz ARM Cortex-A15/A7, 2GB RAM, Linux, 5V, 0°C to 40°C.",https://www.arrow.com/en/products/single_board_computers_sbcs_od_xu_2g_syn,101.50,/images/Single_Board_Computers_SBCs_OD_XU_2G_SYN.jpg
Displays,TFT Modules,4D Systems 4.3-inch Sunlight-Readable TFT Display Module SYN-4080,"The 4D Systems 4.3-inch Sunlight-Readable TFT Display Module is a 4.3-inch 480x272 pixels TFT display with a high brightness of 1000cd/m², making it suitable for outdoor use. Operating voltage ranges from 4.5V to 5.5V with a typical current consumption of 300mA. The module features a resistive touchscreen interface and a 24-bit RGB interface. It is commonly used in industrial control panels and handheld devices. The module is housed in a compact 105mm x 86mm x 16mm package. Key specs: 4.3-inch, 480x272 pixels, 1000cd/m², 4.5-5.5V, 300mA, 24-bit RGB interface.",https://www.arrow.com/en/products/tft_modules_4ds_tft43_syn,104.99,/images/TFT_Modules_4DS_TFT43_SYN.jpg
LEDs and LED Lighting,Lighting Fixtures,"Cree Lighting 35W, 4000K, Outdoor LED Floodlight, Integrated Driver, 12-24VDC","The CLR-OFLD-35W-SYN is a 35W, 4000K outdoor LED floodlight with an integrated driver, operating from 12-24VDC, with a current tolerance of +/-10% and a frequency of 50/60Hz, designed for use in security and area lighting applications, featuring a rugged IP67-rated housing and a compact form factor of 6.1 inches x 4.3 inches x 3.1 inches Key specs: 35W, 4000K, 12-24VDC, Integrated Driver, IP67-rated.",https://www.arrow.com/en/products/lighting_fixtures_clr_ofld_35w_syn,112.50,/images/Lighting_Fixtures_CLR_OFLD_35W_SYN.jpg
Embedded Controllers and Systems,Single Board Computers - SBCs,"Raspberry Pi Edge AI SBC with NPU, 2.5W, Linux, 4GB RAM, 64GB eMMC","The Raspberry Pi Edge AI SBC with NPU is a high-performance single-board computer designed for edge AI applications, featuring a quad-core Cortex-A72 CPU and a Neural Processing Unit for machine learning acceleration, operating at 1.5 GHz with a 2.5W power consumption, powered by a 5V DC input with a tolerance of 5%, and supported by a Linux operating system, 4GB of LPDDR4 RAM, and 64GB of eMMC storage, with typical applications including AI-powered robots and industrial automation, and housed in a 85 x 56mm form-factor with a microSD card slot, HDMI, USB, and gigabit Ethernet ports. Key specs: 1.5GHz quad-core Cortex-A72, 2.5W, 5V, 5% tolerance, NPU, 4GB LPDDR4 RAM, 64GB eMMC.",https://www.arrow.com/en/products/single_board_computers_sbcs_rp_xp_npu_4g_64g_syn,172.39,/images/Single_Board_Computers_SBCs_RP_XP_NPU_4G_64G_SYN.jpg
Thermal Management,Heat Sinks,"Fischer Elektronik Densely Finned Vapor-Chamber Heatsink for CPUs, 35W","The FK-VCHS-35W-SYN-01 is a densely finned vapor-chamber heatsink designed for high-performance CPU cooling applications, with a thermal resistance of 0.25°C/W and a maximum heat transfer capacity of 35W. The heatsink operates at temperatures between -40°C and 125°C and features a compact footprint of 50mm x 50mm x 10mm. Suitable for use in laptops, desktops, and gaming consoles, this heatsink is also compatible with a wide range of standard CPU sockets. The package includes a pre-applied thermal interface material and a mounting kit for easy installation. Key specs: 35W, 0.25°C/W, -40°C to 125°C, 50mm x 50mm x 10mm.",https://www.arrow.com/en/products/heat_sinks_fk_vchs_35w_syn_01,5.52,/images/Heat_Sinks_FK_VCHS_35W_SYN_01.jpg
Wire and Cable,Cable Assembly Coaxial,"Times Microwave LMR-400 10ft N-Male to N-Male Coaxial Cable Assembly, 6.1GHz","This is a 10ft long LMR-400 N-Male to N-Male coaxial cable assembly from Times Microwave, suitable for high-frequency applications up to 6.1GHz. The cable has a operating voltage of 250V, and a maximum power rating of 200W. It is designed to provide a low loss and high frequency stability, making it ideal for use in wireless communication systems, satellite and radar systems. The cable assembly is shipped in a single piece, wrapped around a plastic spool, and meets or exceeds the specifications of the LMR-400 standard. Key specs: 10ft, 6.1GHz, N-Male to N-Male, 250V, 200W.",https://www.arrow.com/en/products/cable_assembly_coaxial_l4nmalem10_syn,63.41,/images/Cable_Assembly_Coaxial_L4NMALEM10_SYN.jpg
Power Supplies,Uninterruptible Power Supply Systems - UPS,"APC 650VA Compact Line-Interactive UPS, 120/230V, SYN-650CPS","The APC 650VA Compact Line-Interactive UPS is designed to provide reliable power protection for network closets and small data centers. With a headline spec of 650VA, this UPS delivers 120/230V output voltage, 3.6A nominal output current, and a frequency tolerance of 47-63Hz. It also features an input voltage range of 100-140V, an efficiency of 85%, and an operating temperature range of 0-40°C. Typical applications include network servers, routers, and switches. The unit has a compact, 1U rackmount form factor with a physical size of 16.9 x 5.5 x 8.5 inches. Key specs: 650VA, 120/230V, 3.6A, 47-63Hz.",https://www.arrow.com/en/products/uninterruptible_power_supply_systems_ups_syn_650cps,379.99,/images/Uninterruptible_Power_Supply_Systems_UPS_SYN_650CPS.jpg
Computer Products,Computer Mouse,"iKey RGB Gaming Mouse, Wired, 16,000 CPI","The iKey RGB Gaming Mouse, Wired, 16,000 CPI is a high-performance gaming mouse suitable for PC gaming applications, with 16,000 CPI optical resolution and customizable RGB lighting, operating at 5V and drawing up to 100mA, with a polling rate of 1000Hz, and an ergonomic design suitable for long gaming sessions, and packaged in a durable plastic housing with a USB cable and a 32-bit ARM processor, making it ideal for gaming and multimedia applications, with an operating temperature range of 0-40°C, and a dimension of 127mm x 80mm x 40mm Key specs: 16,000 CPI, Wired, 5V, 100mA.",https://www.arrow.com/en/products/computer_mouse_ikgm_116syn,27.49,/images/Computer_Mouse_IKGM_116SYN.jpg
Test and Measurement,Multimeters,"Hioki CM4375 Clamp Meter with Bluetooth, 2000A AC, 2500A DC, True RMS","The Hioki CM4375 Clamp Meter with Bluetooth is a true RMS multimeter with 2000A AC and 2500A DC current measurement capabilities, featuring 0.5% DC and 1.0% AC current accuracy. Additional specs include 1000V AC/DC voltage, 100MΩ impedance, and 40Hz to 1kHz frequency measurement. This clamp meter is suitable for use in industrial and residential electrical testing applications. It features a rugged, IP54-rated design and a convenient LED backlight for improved visibility in low light conditions. The meter comes in a compact, ergonomic package with a rubberized grip. Key specs: 2000A AC, 2500A DC, True RMS, 0.5% DC accuracy, 1.0% AC accuracy.",https://www.arrow.com/en/products/multimeters_cm4375syn,409.59,/images/Multimeters_CM4375SYN.jpg
Displays,TFT Modules,Riverdi 7-Inch WVGA Capacitive TFT Module with Brightness Enhancement,"The RVDM070-CTHP-SYN is a 7-inch WVGA capacitive TFT module with brightness enhancement, featuring a 800x480 pixel resolution and 24-bit color depth, suitable for industrial and medical applications. It operates at 3.3V to 5V input voltage, consuming a maximum current of 2.5W, and has an operating temperature range of -20 to 70 degrees Celsius. The module is typically used in portable medical devices and industrial control panels. It comes in a compact 164.41 x 100.8 x 9.4mm form factor with a 50-pin FPC connector interface. Key specs: 7-inch, WVGA, 800x480, 24-bit color, 3.3-5V, 2.5W, -20 to 70°C.",https://www.arrow.com/en/products/tft_modules_rvdm070_cthp_syn,106.19,/images/TFT_Modules_RVDM070_CTHP_SYN.jpg
Displays,OLED Display Modules,Newhaven Display 2.42-inch 128x64 Graphic OLED Module with I2C Interface,"The Newhaven Display 2.42-inch 128x64 Graphic OLED Module is a low-power, high-contrast display solution for a variety of applications. Operating at a voltage range of 2.8V to 3.3V and current of 10mA to 25mA, this display features a 1% tolerance and a maximum refresh frequency of 100Hz. Typical applications include industrial control panels, medical devices, and handheld instruments. This module is housed in a compact PCB package with a 4-wire I2C interface and is specified for operation over a temperature range of -20°C to 70°C. Key specs: 2.8V to 3.3V, 10mA to 25mA, 1% tolerance, 100Hz refresh, I2C interface, 128x64 pixels, 2.42-inch diagonal.",https://www.arrow.com/en/products/oled_display_modules_nhd_242g_syn01,93.58,/images/OLED_Display_Modules_NHD_242G_SYN01.jpg
Motors,Motors Other,Oriental Motor AZ Series 2-Phase 4-Wire NEMA 17 Bipolar Stepper Motor 3.0A/phase,"The Oriental Motor 2-Phase 4-Wire NEMA 17 Bipolar Stepper Motor is a high-torque, low-vibration motor suitable for applications requiring precise positioning and speed control. The motor has a rated current of 3.0A/phase, voltage of 5.5VDC, and a step angle of 1.8 degrees. The motor operates at a frequency of up to 200 kHz and has a temperature range of -20 to 60°C. Typical applications include 3D printing, CNC machining, and robotics. The motor is housed in a compact NEMA 17 package with a 5mm shaft diameter and a length of 47mm. Key specs: NEMA 17, 2-Phase 4-Wire, 3.0A/phase, 5.5VDC, 1.8 degree step angle.",https://www.arrow.com/en/products/motors_other_bkv3557_syn,249.99,/images/Motors_Other_BKV3557_SYN.jpg
RF and Microwave,Combo Wireless Modules,Silicon Labs EFR32xG24 Wi-Fi 6 + Bluetooth 5.2 Combo Module,"The EFR32xG24 combo module from Silicon Labs is a pre-certified Wi-Fi 6 and Bluetooth 5.2 module designed for high-performance wireless applications. It operates at 3.3V with a typical transmit current of 140mA and 1% tolerance, and features a frequency range of 2.4-2.5GHz for Wi-Fi and 2.4GHz for Bluetooth. It is housed in a compact 12mm x 12mm x 2mm LGA package. The module is ideally suited for applications such as smart home devices, industrial automation, and IoT gateways. It is also available for use in consumer electronics, medical devices, and wearables. Module is RoHS compliant and operates over a temperature range of -40°C to +85°C. Key specs: Wi-Fi 6, Bluetooth 5.2, 3.3V, 140mA, 1% tolerance, 2.4-2.5GHz, LGA-12.",https://www.arrow.com/en/products/combo_wireless_modules_sl_wifi6_ble_syn1a,17.14,/images/Combo_Wireless_Modules_SL_WIFI6_BLE_SYN1A.jpg
Test and Measurement,Thermal Imagers,Seek Thermal Compact XR - 256x192 Radiometric Thermal Camera Core for Drones (9Hz),"The Seek Thermal Compact XR is a drone-mount radiometric camera core that provides high-resolution 256x192 thermal imaging at 9Hz. It operates from a 5V supply drawing up to 600mA, with a thermal sensitivity of 50mK and an accuracy of ±2°C. Typical applications include drone-based inspection and surveyance, as well as industrial monitoring. The Compact XR is housed in a rugged IP67-rated enclosure measuring 44.4mm x 44.4mm x 24.5mm. Key specs: 256x192 resolution, 9Hz frame rate, 5V, 600mA, 50mK thermal sensitivity.",https://www.arrow.com/en/products/thermal_imagers_stxr256_9hz_syn,2142.22,/images/Thermal_Imagers_STXR256_9HZ_SYN.jpg
Test and Measurement,Oscilloscopes,"Tektronix 4-CH 100 MHz Digital Oscilloscope, MDO3114SYN","The Tektronix MDO3114SYN is a four-channel 100 MHz digital oscilloscope with a bandwidth of 100 MHz and a maximum sample rate of 5 GS/s, offering 16 digital channels and a large 10.1 WVGA color display, suitable for testing and debugging electronic designs in industrial, automotive and aerospace applications, and is available in a compact benchtop form factor. Key specs: 100 MHz bandwidth, 4 analog channels, 16 digital channels, 5 GS/s sample rate, 10.1 WVGA display.",https://www.arrow.com/en/products/oscilloscopes_mdo3114syn,1349.42,/images/Oscilloscopes_MDO3114SYN.jpg
LEDs and LED Lighting,LED Modules,Cree LED 8x16 Addressable RGB LED Matrix Panel SYNA503,"The Cree LED 8x16 Addressable RGB LED Matrix Panel SYNA503 is a compact, high-brightness display solution featuring 128 individually addressable LEDs arranged in an 8x16 matrix, operating at 5V with a maximum current of 100mA, a brightness tolerance of 10%, and a refresh rate of up to 100Hz, making it suitable for various applications such as digital signage, gaming, and home automation, housed in a 90mm x 40mm x 7mm durable plastic package with a 0.5mm pitch between LEDs and operable in temperatures ranging from -20°C to 60°C. Key specs: 8x16 matrix, 128 addressable LEDs, 5V, 100mA, 10% brightness tolerance, 100Hz refresh rate.",https://www.arrow.com/en/products/led_modules_cr_syna503_24,183.99,/images/LED_Modules_CR_SYNA503_24.jpg
Memory,Memory Modules,Kingston 16GB DDR4 2400MHz Mini-DIMM Server Memory SYN-1234A,"The Kingston 16GB DDR4 2400MHz Mini-DIMM Server Memory is a high-performance, 1.2V memory module designed for servers and data centers. Operating at a frequency of 2400MHz and drawing 1.2V, it features a power consumption of 3.8W. This memory module is built with 16 1Gbx8 FBGA components and is RoHS compliant. It is suitable for use in applications such as cloud computing, virtualization, and high-performance computing. The module has a low profile and is designed to fit in tight spaces, making it ideal for compact server systems. Key specs: 16GB, DDR4, 2400MHz, 1.2V, Mini-DIMM.",https://www.arrow.com/en/products/memory_modules_ktd_mla1234a_syn,97.99,/images/Memory_Modules_KTD_MLA1234A_SYN.jpg
Tools,Soldering Irons and Stations,Quick 858D 220-240V 50Hz Hot Air Rework Station with Preheat,"The Quick 858D is a hot air rework station with a built-in preheat function for soldering and desoldering of SMD components. It operates at 220-240V AC, 50Hz, and has a temperature range of 100-500°C. The station has a high precision digital temperature control and a ergonomic handle for comfortable operation. Typical applications include rework of PCBs, repair of electronic devices, and prototyping. The station comes in a compact desktop enclosure with dimensions of 220x150x280mm. Key specs: 220-240V, 50Hz, 100-500°C, Digital Temperature Control, Preheat Function.",https://www.arrow.com/en/products/soldering_irons_and_stations_qu_858d_syn,117.95,/images/Soldering_Irons_and_Stations_QU_858D_SYN.jpg
Power Supplies,DC to DC Converter and Switching Regulator Module,TRACO Power TMDC1000S 100W Railway-Grade 48-160VDC Wide-Input DC-DC Converter 12V 8.5A,"The TRACO Power TMDC1000S is a 100W railway-grade wide-input DC-DC converter that provides a highly efficient and reliable power solution for a variety of industrial and transportation applications. This converter features a 48-160VDC input range and a single 12V output with a current rating of 8.5A and a tight line and load regulation of 1%. The TMDC1000S operates at a switching frequency of 300kHz and is enclosed in a compact DIN rail mount package with a temperature range of -40°C to 85°C. Typical applications include railway systems, industrial control systems, and transportation infrastructure. This module is packaged in a ruggedized metal enclosure with a DIN rail mount and dimensions of 125x115x55mm. Key specs: 100W, 48-160VDC, 12V 8.5A, 1% regulation, 300kHz, DIN rail mount.",https://www.arrow.com/en/products/dc_to_dc_converter_and_switching_regulator_module_tmdc1000s_001,299.99,/images/DC_to_DC_Converter_and_Switching_Regulator_Module_TMDC1000S_001.jpg
Computer Products,Printers,HP LaserJet Pro M254NW Color Laser All-in-One Printer SYNGY,"The HP LaserJet Pro M254NW Color Laser All-in-One Printer SYNGY is a compact and versatile office solution that prints, copies, and scans, with a headline print resolution of up to 600 x 2400 dpi, and a recommended monthly print volume of 1,500 pages, operating on 120-240VAC, 50-60Hz, and suitable for typical office applications, including document printing and color presentations, and comes in a compact desktop form-factor measuring 16.5 x 16.3 x 11.6 inches Key specs: Up to 600 x 2400 dpi, 120-240VAC, 50-60Hz, A4/Letter, USB 2.0, Ethernet, Wi-Fi.",https://www.arrow.com/en/products/printers_hpljm254nw_syn,114.75,/images/Printers_HPLJM254NW_SYN.jpg
Thermal Management,Fan Coolers,"Sunon 1U Rack Fan Tray, 12V, 2.5W, 38CFM, 60mm","The SU-1URMT38-SYN is a 1U rack fan tray from Sunon, designed to provide efficient cooling for 1U rackmount applications, with a headline specification of 38CFM and 2.5W power consumption. Operating from 12V DC, it has a current draw of 210mA and a temperature range of 0 to 50°C. Typical applications include rackmount servers, storage systems, and network appliances. The fan tray is mounted in a compact 1U form-factor enclosure with a 60mm fan size. Key specs: 12V, 2.5W, 210mA, 38CFM, 60mm, 0-50°C.",https://www.arrow.com/en/products/fan_coolers_su_1urmt38_syn,8.72,/images/Fan_Coolers_SU_1URMT38_SYN.jpg
Thermal Management,Fan Coolers,Sunon 120mm PWM 12V 0.4A 1600rpm Case Fan SYN132,"The Sunon 120mm PWM 12V 0.4A 1600rpm Case Fan is a high-performance fan designed for use in computer cases, server enclosures, and other electronic equipment. It operates at a voltage range of 10.8V to 13.2V and has a maximum current draw of 0.4A. The fan features a PWM control scheme, allowing for variable speed control and a maximum speed of 1600rpm. With a noise level of 30dBA and a lifespan of 40,000 hours, this fan is suitable for applications where high airflow and low noise are required. It is also designed for use in home theater systems and gaming consoles. The fan has a standard 3-pin power connector and is housed in a 120mm x 120mm x 25mm frame. Key specs: 120mm, 12V, 0.4A, 1600rpm, PWM control, 3-pin power connector.",https://www.arrow.com/en/products/fan_coolers_mf1204v1s_syn132,9.40,/images/Fan_Coolers_MF1204V1S_SYN132.jpg
Mobile Computing,Tablet PCs,"Panasonic 10-inch Rugged Android Tablet, 128GB Storage, Qualcomm Snapdragon Octa-Core","The Panasonic 10-inch Rugged Android Tablet is an industrial-grade tablet designed for use in harsh environments, featuring a 10-inch capacitive touchscreen display, 128GB storage, and a Qualcomm Snapdragon octa-core processor. Operating at temperatures ranging from -20°C to 50°C, this tablet can withstand extreme conditions. Key specs include 802.11ac Wi-Fi, Bluetooth 5.0, and a 7000mAh lithium-ion battery with up to 8 hours of operation. Typical applications include field service, logistics, and warehouse management. Package is a ruggedized IP65-rated enclosure with a weight of 540g and dimensions of 267 x 175 x 18mm. Key specs: Qualcomm Snapdragon Octa-Core, 128GB Storage, 10-inch Capacitive Touchscreen, IP65-Rated Enclosure.",https://www.arrow.com/en/products/tablet_pcs_pntab_10rugsyn,783.99,/images/Tablet_PCs_PNTAB_10RUGSYN.jpg
Test and Measurement,Multimeters,Fluke 902 1000A True RMS Clamp Meter with Bluetooth,"The Fluke 902SYN-BT is a True RMS clamp meter with Bluetooth connectivity that measures currents up to 1000A with 1.5% accuracy, DC and AC voltages up to 1000V with 1% accuracy, and resistance up to 1000 Ohms with 1% accuracy. It also features capacitance measurement up to 1000uF and a frequency range of 50Hz to 400Hz. This clamp meter is ideal for use in electrical and industrial applications, including maintenance, troubleshooting, and quality control. It is housed in a rugged, portable enclosure with a large LCD display and a battery life of up to 200 hours. Key specs: 1000A, 1000V, 1% accuracy, True RMS, Bluetooth, 50Hz-400Hz.",https://www.arrow.com/en/products/multimeters_902syn_bt,342.12,/images/Multimeters_902SYN_BT.jpg
"Boxes, Enclosures and Racks","Box, Enclosure and Rack",Bopla 273 x 194 x 73mm Diecast Aluminum Enclosure SYNA-273X194X73,"The Bopla 273 x 194 x 73mm Diecast Aluminum Enclosure SYNA-273X194X73 is a durable and versatile diecast aluminum project box suitable for housing electronic assemblies, protecting components from environmental factors, and providing a secure connection interface. It features a wide operating temperature range of -40°C to 80°C and is designed for applications where high mechanical strength and resistance to corrosion are required. Typical applications include industrial control panels, medical devices, and data acquisition systems. The enclosure is designed to provide a secure IP65 rating and features a robust diecast aluminum construction with a natural finish, providing excellent shielding and heat dissipation characteristics. It measures 273 x 194 x 73mm and weighs approximately 3.5kg. Key specs: 273 x 194 x 73mm, Diecast Aluminum, IP65, -40°C to 80°C.",https://www.arrow.com/en/products/box_enclosure_and_rack_bop_syna_273x194x73,159.96,/images/Box_Enclosure_and_Rack_BOP_SYNA_273X194X73.jpg
Data Storage,USB Flash Drives,"Verbatim 64GB USB-C Metal Flash Drive, Water Resistant","The Verbatim 64GB USB-C Metal Flash Drive is a compact, water resistant storage solution with a 64GB capacity and USB 3.2 Gen 1 interface. Operating at 5V and drawing a maximum current of 900mA, this drive has a metal enclosure for added durability. It supports data transfer rates up to 100MB/s and operates within a temperature range of 0°C to 60°C. Ideal for storing and transferring files on the go, this drive is perfect for applications such as data backup and file sharing. The drive measures 7.4 cm in length and weighs 12g, making it a portable storage solution. Key specs: 64GB, USB-C, USB 3.2 Gen 1, 5V, 100MB/s.",https://www.arrow.com/en/products/usb_flash_drives_usb3_metal_64_syn,26.99,/images/USB_Flash_Drives_USB3_METAL_64_SYN.jpg
Development Kits and Tools,Development Kits and Tools,"Espressif Systems ESP32-WROVER-E Raspberry Pi Pico Learning Kit with ESP32-WROVER-E Wi-Fi/Bluetooth Module, 3.3V","The ESP32-WROVER-E Raspberry Pi Pico Learning Kit is a development board featuring the ESP32-WROVER-E Wi-Fi/Bluetooth module with a 32-bit dual-core LX6 microcontroller, 4MB flash and 8MB PSRAM, operating at 3.3V with a typical current consumption of 100mA, suitable for IoT and smart home applications, housed in a compact module with breadboard-friendly headers and a Micro-USB interface. Key specs: ESP32-WROVER-E, 3.3V, 100mA, Dual-Core LX6 Microcontroller.",https://www.arrow.com/en/products/development_kits_and_tools_es_wrover_e_syn_1,101.44,/images/Development_Kits_and_Tools_ES_WROVER_E_SYN_1.jpg
Test and Measurement,Bench Power Supplies,Siglent SDPS305CC Compact USB-Programmable Power Supply 30V 5A,"The Siglent SDPS305CC is a compact 30V 5A benchtop power supply with USB programming, providing stable and reliable DC power for a wide range of applications. The power supply features a high accuracy voltage and current output, with a voltage tolerance of ±0.5% and current tolerance of ±1.5%. The SDPS305CC operates at a switching frequency of 100kHz and has a temperature range of 0°C to 40°C. This power supply is ideal for use in test and measurement applications, as well as power-on sequencing for various electronic devices. The unit is housed in a compact 3U half-rack enclosure. Key specs: 30V, 5A, ±0.5% voltage tolerance, ±1.5% current tolerance, 100kHz switching frequency.",https://www.arrow.com/en/products/bench_power_supplies_spsdps305cc_syn,649.99,/images/Bench_Power_Supplies_SPSDPS305CC_SYN.jpg
Displays,OLED Display Modules,Newhaven Display 2.42-inch 128x64 Graphic OLED Module with SSD1322 Controller,"The NHD-242G-SYN is a 2.42-inch 128x64 pixel graphic OLED display module featuring a SSD1322 controller, operating at 3.3V with a maximum current consumption of 25mA, and 20% duty cycle, packaged in a COG (Chip on Glass) configuration with a temperature range of -20°C to 70°C. It is suitable for industrial control panels, medical devices, and other applications requiring a compact, high-contrast display. The module is mounted on a PCB with a 20-pin interface, and is 43.3mm x 32.4mm x 2.0mm in size. Key specs: 2.42-inch, 128x64 pixels, SSD1322 controller, 3.3V, 25mA.",https://www.arrow.com/en/products/oled_display_modules_nhd_242g_syn,71.18,/images/OLED_Display_Modules_NHD_242G_SYN.jpg
Displays,LCD Monitors,"Advantech 15-inch LCD Industrial Panel Monitor, 1024x768, Wide Viewing Angle","The FPM-1510-SYN-1 from Advantech is a 15-inch industrial panel monitor with a resolution of 1024x768 pixels and a wide viewing angle of 160 degrees horizontally and 140 degrees vertically, ideal for use in harsh environments. It features a brightness of 250 cd/m² and a contrast ratio of 500:1, with an operating temperature range of -20°C to 60°C and a storage temperature range of -30°C to 80°C. Typical applications include industrial control systems, medical devices, and kiosks. The monitor is housed in a rugged metal enclosure with a compact form factor, making it suitable for space-constrained installations. Key specs: 15-inch, 1024x768, 250 cd/m², 500:1 contrast, -20°C to 60°C operating temperature.",https://www.arrow.com/en/products/lcd_monitors_fpm_1510_syn_1,429.99,/images/LCD_Monitors_FPM_1510_SYN_1.jpg
RF and Microwave,Bluetooth,Microchip Technology RN4871-DMB-PI Dual-Mode Bluetooth Serial Module,"The RN4871-DMB-PI is a dual-mode Bluetooth serial module from Microchip Technology, featuring a 3.3V operating voltage, 100mA maximum current, and a -40°C to 85°C operating temperature range, all housed in a compact 25.6mm x 26.3mm x 3.5mm module. It operates at a 2.4GHz frequency and supports both Bluetooth Low Energy (BLE) and Bluetooth Classic modes. This module is ideal for applications such as IoT sensor nodes, medical devices, and industrial control systems. It is a complete module with an onboard antenna and a 2.54mm pitch header for easy integration. Key specs: 3.3V, 100mA, -40°C to 85°C, 2.4GHz, Dual-Mode Bluetooth.",https://www.arrow.com/en/products/bluetooth_rn4871_dmb_pi_syn,5.04,/images/Bluetooth_RN4871_DMB_PI_SYN.jpg
Power Supplies,Uninterruptible Power Supply Systems - UPS,APC Smart-UPS SRT 1500VA 120/208/240V Compact UPS for Network Closet,"The APC Smart-UPS SRT 1500VA 120/208/240V is a compact uninterruptible power supply system designed for network closet applications. This UPS provides 1500VA of power with an output voltage of 120/208/240V, 50/60Hz, and a tolerance of 1%. The unit operates within a temperature range of 0 to 40°C and features a compact 1U rackmount design, making it suitable for various IT and networking applications, such as data centers and telecommunication systems, that require reliable power backup. Key specs: 1500VA, 120/208/240V, 50/60Hz, 1% tolerance, 1U rackmount design.",https://www.arrow.com/en/products/uninterruptible_power_supply_systems_ups_srt1500_ausyn,1119.00,/images/Uninterruptible_Power_Supply_Systems_UPS_SRT1500_AUSYN.jpg
Audio Components,Speakers,"Bose Professional Ceiling Tile Speaker, 8 ohm, 12W","The BOSE-CT8-12-SYN is a 12W ceiling tile speaker designed for commercial and professional installations, featuring an 8 ohm impedance and a frequency response of 70Hz to 20kHz. It operates within a temperature range of -10°C to 40°C and is suitable for use in paging, background music, and sound reinforcement systems. Typical applications include office buildings, restaurants, and retail spaces. The speaker is housed in a compact, rectangular enclosure with a tile bridge and mounting clips. Key specs: 8 ohm, 12W, 70Hz to 20kHz frequency response, compact rectangular enclosure.",https://www.arrow.com/en/products/speakers_bose_ct8_12_syn,37.95,/images/Speakers_BOSE_CT8_12_SYN.jpg
LEDs and LED Lighting,Lighting Fixtures,Lithonia 2FT Vaportite LED Linear Fixture 4000K,"Lithonia 2FT Vaportite LED Linear Fixture is an energy-efficient and durable LED lighting solution that operates at 120VAC with a current rating of 0.2A, featuring a high color temperature of 4000K and color rendering index (CRI) of 80. The fixture has a dimming capability and is suitable for indoor and outdoor applications, including commercial, industrial, and residential spaces. It is also suitable for task lighting in areas where moisture and dust are present, such as in food processing or chemical plants. The fixture is IP69K rated and comes in a compact 2-foot linear design. Key specs: 2FT, 120VAC, 0.2A, 4000K, 80CRI, IP69K.",https://www.arrow.com/en/products/lighting_fixtures_lthn_4086_syn,412.95,/images/Lighting_Fixtures_LTHN_4086_SYN.jpg
LEDs and LED Lighting,"LED Light Bars, Arrays and Bar Graphs","Patlite RGBW LED Signage Bar, 60 LEDs/m, 24V, 2.4A, IP67","The PA-LED-RGBW-24V-2.4A-SYN is a high-density RGBW LED light bar designed for signage applications, featuring 60 LEDs per meter and a 24V DC input voltage with 2.4A current consumption, offering a high brightness and color uniformity with a tolerance of ±10%, suitable for indoor and outdoor installations with an IP67 rating, operating over a -20°C to 50°C temperature range, typically used in digital signage and stage lighting, and comes in a 1000mm long bar with a black anodized aluminum profile and a polycarbonate lens Key specs: 24V, 2.4A, 60 LEDs/m, RGBW, IP67, -20°C to 50°C.",https://www.arrow.com/en/products/led_light_bars_arrays_and_bar_graphs_pa_led_rgbw_24v_2_4a_syn,283.19,/images/LED_Light_Bars_Arrays_and_Bar_Graphs_PA_LED_RGBW_24V_2_4A_SYN.jpg
Audio Components,Microphones,"Audio-Technica SYN-369 12-Inch Gooseneck Conference Microphone, Cardioid","The Audio-Technica SYN-369 is a 12-inch gooseneck conference microphone featuring a cardioid polar pattern and a frequency response of 100 Hz to 15 kHz. It operates on 11-52V phantom power and draws 1.2mA of current. This microphone is designed for use in boardrooms, conference rooms, and other fixed installations where clear and consistent voice pickup is required. The SYN-369 is a finished module with a 3-pin XLR connector and a sturdy metal base, and is suitable for use in a variety of commercial and industrial settings. Key specs: 12-inch gooseneck, cardioid polar pattern, 100Hz-15kHz frequency response, 11-52V phantom power, 3-pin XLR connector.",https://www.arrow.com/en/products/microphones_at_syn_369,112.39,/images/Microphones_AT_SYN_369.jpg
Audio Components,Microphones,"Sennheiser MKE900-USB SYN USB Condenser Podcast Microphone, Unidirectional","The Sennheiser MKE900-USB SYN is a USB condenser podcast microphone designed for high-quality audio recording. With a unidirectional polar pattern, it features a frequency response of 20 Hz to 20 kHz, and a signal-to-noise ratio of 80 dB. Operating at 5V, it draws 200 mA of current. Ideal for podcasting, voiceovers, and online conferencing, this microphone is plug-and-play compatible with both Mac and PC. The durable metal body is compact and weighs 1.1 lb, making it suitable for desktop use. Key specs: USB Condenser, Unidirectional, 20 Hz to 20 kHz, 80 dB SNR, 5V, 200 mA.",https://www.arrow.com/en/products/microphones_mke900_usb_syn,90.05,/images/Microphones_MKE900_USB_SYN.jpg
Computer Products,Keypads and Keyboards,"Cherry Wireless Low-Profile Keyboard, 2.4GHz, 30m Range, Black","The Cherry Wireless Low-Profile Keyboard is a wireless keyboard providing a reliable 2.4GHz connection with a range of up to 30m. Operating at 3V, the keyboard consumes a low current of 10mA in active mode. Designed for applications such as industrial control, medical devices, and home offices, this keyboard features a low-profile design with a compact tenkeyless layout. The keyboard is constructed with a durable black ABS material and features a spill-resistant design. Housed in a sleek and compact package measuring 280mm x 110mm x 22mm. Key specs: 2.4GHz, 30m Range, 3V, 10mA, Black, Low-Profile.",https://www.arrow.com/en/products/keypads_and_keyboards_ch_lpkb_wl_syn,112.43,/images/Keypads_and_Keyboards_CH_LPKB_WL_SYN.jpg
Test and Measurement,Oscilloscopes,"Siglent SDS1022CAL 2-Channel Portable Battery Oscilloscope, 200MHz","The Siglent SDS1022CAL is a portable 2-channel battery oscilloscope featuring a 200MHz bandwidth and 1GSa/s sampling rate, with a maximum input voltage of 400V peak-to-peak and a measurement accuracy of 3% plus 1 count, suitable for laboratory and field use, commonly used for troubleshooting and debugging electronic circuits and systems, including automotive and industrial control systems, in a compact and rugged enclosure with a 7-inch color LCD display and intuitive user interface. Key specs: 200MHz, 2 channels, 1GSa/s, 400V peak-to-peak, 3% plus 1 count accuracy, 7-inch color LCD display.",https://www.arrow.com/en/products/oscilloscopes_sds1022cal_syn01,1948.61,/images/Oscilloscopes_SDS1022CAL_SYN01.jpg
Data Storage,USB Flash Drives,"SanDisk 128GB USB 3.2 Type-A Flash Drive, Blue, Ver 2.0","The SanDisk 128GB USB 3.2 Type-A Flash Drive is a high-capacity storage device with a maximum read speed of 250MB/s and a maximum write speed of 100MB/s. It operates on 5V DC power and supports USB 3.2 Gen 1 speeds. This flash drive is ideal for storing and transferring files, photos, and videos between devices. Typical applications include secure data storage, file transfer, and portable storage. The drive is housed in a compact, durable plastic case with a USB 3.2 Type-A connector and a swivel design for easy use. Key specs: 128GB, 5V, 250MB/s read speed, 100MB/s write speed, USB 3.2 Gen 1, 2.0 Ver.",https://www.arrow.com/en/products/usb_flash_drives_sd128gb_usb32a_syn_01,115.00,/images/USB_Flash_Drives_SD128GB_USB32A_SYN_01.jpg
Test and Measurement,Multimeters,Fluke 87V MAX Industrial CAT IV Multimeter 1000VAC 20A,"The Fluke 87V MAX Industrial CAT IV Multimeter is a rugged, true-RMS multimeter designed for use in industrial and commercial environments, featuring a 1000VAC and 20A measurement range, with 0.05% voltage accuracy and 0.1% current accuracy. This multimeter also measures frequency, resistance, continuity, and diode test, making it suitable for applications such as electrical panel testing and industrial automation troubleshooting. It is built to withstand rough handling in the field and features a built-in thermometer for temperature measurement. The product is delivered in a compact, handheld form-factor. Key specs: 1000VAC, 20A, True-RMS, 0.05% accuracy, CAT IV.",https://www.arrow.com/en/products/multimeters_fluke87v_max_syn,43.95,/images/Multimeters_FLUKE87V_MAX_SYN.jpg
Motors,Motors Other,Portescap 150Watt 48V 4.9Amp Industrial Brushless Servo Motor 38mm,"The PRTSCP-38BL-L-SYN is a high-performance industrial brushless servo motor designed for demanding applications requiring high torque and precision control. It operates at 48V with a continuous current of 4.9A and a peak current of 9.8A, and features a tolerance of +/- 10% for reliable performance. The motor is designed for use in temperatures ranging from -20°C to 80°C, making it suitable for use in a variety of industrial environments, including robotics, CNC machines, and conveyance systems. This motor is housed in a durable 38mm package, making it a versatile solution for a range of applications. Key specs: 48V, 4.9Amp continuous, 9.8Amp peak, 10% tolerance, 38mm diameter.",https://www.arrow.com/en/products/motors_other_prtscp_38bl_l_syn,57.99,/images/Motors_Other_PRTSCP_38BL_L_SYN.jpg
Audio Components,Speakers,JBL Commercial JBLSPX1USB 2.0 2-Watt 4-Ohm USB-Powered Desktop Speaker Pair,"The JBLSPX1USB-SYN is a 2.0 USB-powered desktop speaker pair designed for clear and balanced sound. Each speaker is rated for 2 watts of power, with a frequency response of 100 Hz to 20 kHz and an impedance of 4 ohms. Operating voltage is 5V DC, with a tolerance of 5% and a maximum current draw of 800mA. Typical applications include desktop computing and multimedia entertainment. The speakers are housed in a compact ABS plastic enclosure with a cable management system, measuring 3.5 x 2.5 x 2.5 inches. Key specs: 2.0, 2W, 4-Ohm, USB-powered, 100Hz-20kHz frequency response.",https://www.arrow.com/en/products/speakers_jblspx1usb_syn,149.00,/images/Speakers_JBLSPX1USB_SYN.jpg
Test and Measurement,Oscilloscopes,"Keysight 4-Ch 100 MHz Digital Oscilloscope, SYN-10","The DSOX4-100-MSYN is a 4-channel digital oscilloscope with a maximum frequency of 100 MHz and a real-time sampling rate of 1 GSa/s. It features a maximum input voltage of 300 V (CAT I), current of 10 A, and an 8-bit A/D resolution. The device is typically used in automotive, industrial, and medical electronics testing and debugging. The oscilloscope is housed in a compact, portable form factor with a 8.5-inch capacitive touchscreen display and weighs approximately 7.5 kg. Key specs: 4-Channel, 100 MHz, 1 GSa/s, 8-bit, 300 V, 10 A.",https://www.arrow.com/en/products/oscilloscopes_dsox4_100_msyn,3985.55,/images/Oscilloscopes_DSOX4_100_MSYN.jpg
Computer Products,Computer Mouse,"Logitech G502 HERO RGB Gaming Mouse, 12,000 DPI, Black","The Logitech G502 HERO RGB Gaming Mouse is a high-performance gaming peripheral with a 12,000 DPI optical sensor, providing accurate and responsive tracking. It operates at 5V DC, consuming up to 100mA, and features 16.8 million color RGB lighting. The mouse is suitable for gaming applications such as first-person shooters and multiplayer online battle arenas, as well as general computer use. It has a durable ergonomic design with a contoured shape and textured grips, and is available in a compact wired form factor. Key specs: 12,000 DPI, 5V, 100mA, RGB lighting, ergonomic design.",https://www.arrow.com/en/products/computer_mouse_lg_g502_rgb_blk_syn,73.49,/images/Computer_Mouse_LG_G502_RGB_BLK_SYN.jpg
Wire and Cable,Cable Assembly AC Power,"Volex Hospital-Grade 18/3 AWG Green Dot Cord Set, NEMA 5-15P to IEC 320 C13, 6ft","The Volex VX-HGC-615P is a 6ft long, 18/3 AWG hospital-grade green dot cord set with a NEMA 5-15P plug and IEC 320 C13 receptacle, designed for use in medical equipment and applications requiring high-reliability power cords. It features a 125V, 15A, 60Hz rating and is UL 817, CSA C22.2, and IEC 60601-1 compliant. The cord set is suitable for use in medical imaging equipment, patient monitoring systems, and other medical devices. The package includes a single 6ft cord set with straight connectors. Key specs: 18/3 AWG, 125V, 15A, 60Hz, NEMA 5-15P to IEC 320 C13, 6ft.",https://www.arrow.com/en/products/cable_assembly_ac_power_vx_hgc_615p,12.47,/images/Cable_Assembly_AC_Power_VX_HGC_615P.jpg
LEDs and LED Lighting,LED Modules,"Cree LED High-CRI 40W LED Panel Module, 3500K 80CRI SYN-3410","The CLD-LPM-3410 is a high-CRI LED panel module from Cree LED, featuring a color temperature of 3500K and 80% color rendering index, designed for troffer lighting applications. It operates from 120-277VAC with a maximum current draw of 0.4A, and is dimmable with a 1-10V PWM interface. The module is housed in a compact 1.25x1.25-inch package with a thickness of 0.25 inches, and is UL Class 2 and cUL certified for safety. Typical applications include office lighting, retail lighting, and hospitality lighting. The module is a complete physical product, ready for installation into a troffer fixture. Key specs: 3500K, 80CRI, 40W, 120-277VAC, 0.4A, 1-10V PWM.",https://www.arrow.com/en/products/led_modules_cld_lpm_3410,89.99,/images/LED_Modules_CLD_LPM_3410.jpg
Tools,Soldering Irons and Stations,"JBC Digital Soldering Station 80W, 220/240V, Complete Kit","The JBC Digital Soldering Station 80W is an 80W digital soldering iron station with a temperature range of 150°C to 450°C and a precision of ±1°C, suitable for a wide range of applications including lead-free, PCB, and component soldering, featuring a 220/240V power supply and including a handpiece, stand, and sponge, housed in a compact desktop unit with a digital display and adjustable temperature control. Key specs: 80W, 220/240V, 150°C to 450°C, ±1°C precision, complete kit.",https://www.arrow.com/en/products/soldering_irons_and_stations_jbcdstn80w_syn,94.99,/images/Soldering_Irons_and_Stations_JBCDSTN80W_SYN.jpg
Tools,Soldering Irons and Stations,Weller WE1010 Digital Soldering Station 80W with ESD Safe Unit,"The Weller WE1010 is a 80W digital soldering station with ESD safe unit, featuring a temperature range of 150°C to 450°C, an accuracy of ±1% and a temperature stability of ±2°C, operating from 120VAC, 60Hz, designed for general-purpose soldering applications, including electronics repair and manufacturing, and comes in a compact, ergonomic design with a built-in soldering iron stand and cable management system. Key specs: 80W, Digital Temperature Control, 150°C to 450°C, ±1% Accuracy, ESD Safe Unit.",https://www.arrow.com/en/products/soldering_irons_and_stations_we1010_dig_80w_syn,130.99,/images/Soldering_Irons_and_Stations_WE1010_DIG_80W_SYN.jpg
Development Kits and Tools,Development Kits and Tools,"Espressif Systems ESP32C3-Pico-MINI Development Kit, Dual-Core Microcontroller, Wi-Fi/BLE","The ESP32C3-Pico-MINI is a development kit based on the ESP32-C3-MINI-1 module, a dual-core microcontroller with Wi-Fi and Bluetooth Low Energy (BLE) capabilities, operating at 2.4GHz frequency, powered by a 3.3V voltage regulator, and capable of delivering up to 600mA of current, with a temperature range of -40°C to 125°C, ideal for IoT development, smart home devices, and wearables, featuring a USB-C connection, breadboard-friendly GPIO headers, and a compact 40x60mm form-factor. Key specs: Dual-Core, 2.4GHz, Wi-Fi/BLE, 3.3V, 600mA, -40°C to 125°C.",https://www.arrow.com/en/products/development_kits_and_tools_esp32c3_mini_dev_kit_syn,63.49,/images/Development_Kits_and_Tools_ESP32C3_MINI_DEV_KIT_SYN.jpg
Motors,Motors Other,"Maxon 200W 5000 RPM Industrial Brushless Servo Motor - 8 Pole, 36VDC, 5.3A","The MAXSERVOSYN-8P-36V-5000 is a high-performance industrial brushless servo motor from Maxon, delivering 200W of continuous power and 5000 RPM at 36VDC. It features an 8-pole design and a rated current of 5.3A, with a temperature range of -20°C to 100°C. The motor is ideal for high-precision applications such as robotic arms, CNC machines, and medical equipment, offering high reliability and efficiency. The motor is housed in a compact, IP65-rated package, measuring 60mm in diameter and 100mm in length. Key specs: 200W, 5000 RPM, 8 Pole, 36VDC, 5.3A, IP65.",https://www.arrow.com/en/products/motors_other_maxservosyn_8p_36v_5000,412.95,/images/Motors_Other_MAXSERVOSYN_8P_36V_5000.jpg
Development Kits and Tools,Development Kits and Tools,Seeed Studio ESP32 IoT Development Kit with Wi-Fi and Bluetooth (SYN-1278),"The Seeed Studio ESP32 IoT Development Kit with Wi-Fi and Bluetooth is a development board featuring the ESP32 WROVER-B module, which integrates a 2.4 GHz Wi-Fi and Bluetooth 4.2 BLE System-on-Chip solution, with 4MB of external flash and 2MB of PSRAM, operating at 3.3V with a maximum current of 500mA, suitable for IoT applications such as home automation and industrial control, in a compact 72mm x 53mm PCB form-factor. Key specs: ESP32 WROVER-B, 3.3V, 500mA, Wi-Fi, Bluetooth 4.2 BLE, 4MB Flash, 2MB PSRAM.",https://www.arrow.com/en/products/development_kits_and_tools_see_esp32_iot_syn1278,20.00,/images/Development_Kits_and_Tools_SEE_ESP32_IOT_SYN1278.jpg
Displays,TFT Modules,Riverdi 5'' Round Capacitive Touch TFT Display Module,"The Riverdi RVT-RND500-TCH-SYN1 is a 5'' round capacitive touch TFT display module designed for automotive applications, featuring a resolution of 480x480 pixels and a brightness of 800 cd/m². It operates from a single 12V power supply, drawing a maximum current of 200mA, and has a viewing angle of 85°. The module is suitable for use in automotive infotainment systems and navigation displays. The display is housed in a compact round casing with a diameter of 130mm and a thickness of 20mm. Key specs: 5'', 480x480 pixels, 800 cd/m², capacitive touch, 12V, 200mA.",https://www.arrow.com/en/products/tft_modules_rvt_rnd500_tch_syn1,106.49,/images/TFT_Modules_RVT_RND500_TCH_SYN1.jpg
Audio Components,Speakers,"Bose Professional 108-5135-00 Waterproof PA Horn Speaker, 10W, 8 ohm, 120 Hz - 14 kHz","The SPEAK-108-5135-SYN is a waterproof PA horn speaker from Bose Professional, designed to deliver clear and powerful audio in a variety of applications. It features a headline rating of 10W at 8 ohms and can operate within a frequency range of 120 Hz to 14 kHz. The speaker is designed to withstand harsh environments and is suitable for use in public address systems, paging systems, and outdoor events. It is housed in a rugged and compact package measuring 5 x 4 x 3 inches, with a durable ABS plastic enclosure and a corrosion-resistant grille. Key specs: 10W, 8 ohm, 120 Hz - 14 kHz, Water Resistant, 5 x 4 x 3 inches.",https://www.arrow.com/en/products/speakers_speak_108_5135_syn,41.99,/images/Speakers_SPEAK_108_5135_SYN.jpg
Displays,OLED Display Modules,BuyDisplay 2.42inch 128x64 Monochrome OLED Display Module SYN84,"This is a 2.42-inch 128x64 monochrome organic light-emitting diode (OLED) display module from BuyDisplay. The module operates at 3.3V and 50mA, with a 5% tolerance, and has an interface frequency of 4MHz. It is packaged in a compact 30-pin FPC (Flexible Printed Circuit) and operates over a temperature range of -20°C to 70°C. Suitable for applications such as industrial control panels and medical devices. The module measures 58.5mm x 36.9mm x 1.45mm and has a 50-pin connector for easy integration. Key specs: 2.42inch, 128x64, 3.3V, 50mA, 5% tolerance, 4MHz.",https://www.arrow.com/en/products/oled_display_modules_bd242m6_syn84,59.99,/images/OLED_Display_Modules_BD242M6_SYN84.jpg
Power Supplies,DC to DC Converter and Switching Regulator Module,TRACO Power TMR25012016 1/16 Brick POL Converter 9.6V - 40V Input 1.2V 20A 1% Tolerance,"The TMR25012016 is a high efficiency 1/16 brick POL converter module with a wide input range of 9.6V to 40V, an output voltage of 1.2V at 20A, and a tight 1% output voltage tolerance. The converter operates at a fixed frequency of 350kHz and features overcurrent and overtemperature protection. Typical applications include servers, data storage, and network equipment. The module is housed in an industry standard 1/16 brick package with a height of 0.35 inches and an operating temperature range of -40°C to 100°C. Key specs: 9.6V-40V Input, 1.2V 20A Output, 1% Tolerance, 350kHz Frequency, 1/16 Brick Package.",https://www.arrow.com/en/products/dc_to_dc_converter_and_switching_regulator_module_tmr25012016_syn,44.89,/images/DC_to_DC_Converter_and_Switching_Regulator_Module_TMR25012016_SYN.jpg
Memory,Memory Modules,Kingston 16GB DDR4 2400MHz Mini-DIMM Server Memory SYN-1234,"The Kingston 16GB DDR4 2400MHz Mini-DIMM Server Memory SYN-1234 is a 16GB DDR4 memory module designed for servers and data centers, operating at 1.2V and 0.16mA current per pin, with a 1.28V nominal voltage and a frequency of 2400MHz, in a 32-bit, 260-pin Mini-DIMM package, supporting temperatures from 0°C to 55°C and suitable for applications such as high-performance computing and cloud storage, in a Mini-DIMM form factor. Key specs: 16GB, DDR4, 2400MHz, 1.2V, 260-pin Mini-DIMM.",https://www.arrow.com/en/products/memory_modules_ktd_md416g8syn,109.77,/images/Memory_Modules_KTD_MD416G8SYN.jpg
Thermal Management,Fan Coolers,"Sunon 40mm Ball-Bearing Axial Fan, 24VDC, 0.55A, 2-Wire","The Sunon 40mm Ball-Bearing Axial Fan is a high-performance, 24VDC fan designed for a wide range of thermal management applications. Operating at 0.55A and 60dBA noise level, this fan features a ball-bearing design for long lifespan and reliability. The fan operates within a temperature range of -20 to 70°C and has a 2-wire connection for easy integration. Typical applications include server, storage, and networking equipment, as well as industrial control systems. The fan features a 40mm x 40mm x 20mm form factor. Key specs: 40mm, 24VDC, 0.55A, Ball-Bearing, 60dBA, 2-Wire.",https://www.arrow.com/en/products/fan_coolers_sd40a2blb_syn,9.51,/images/Fan_Coolers_SD40A2BLB_SYN.jpg
Wire and Cable,Cable Assembly USB,"Anker 3.3ft USB 3.0 Type-A to Micro-B Cable Assembly, 10Gbps, 5V/900mA","The Anker AKR-USB3-MB-1M is a 3.3ft USB 3.0 Type-A to Micro-B cable assembly with a data transfer rate of up to 10Gbps, operating voltage of 5V, and current rating of 900mA, suitable for applications such as data transfer and charging of smartphones, tablets, and other Micro-B devices, with a durable PVC jacket and standard USB connectors, in a 3.3ft long cable form-factor Key specs: USB 3.0, 10Gbps, 5V, 900mA.",https://www.arrow.com/en/products/cable_assembly_usb_akr_usb3_mb_1m,13.29,/images/Cable_Assembly_USB_AKR_USB3_MB_1M.jpg
Thermal Management,Heat Sinks,"Wakefield-Vette 6027 Extruded Aluminum Profile Heatsink, 12in L x 2.5in W x 0.5in H","The Wakefield-Vette 6027 is an extruded aluminum profile heatsink designed for high-power thermal management applications, featuring a length of 12 inches, a width of 2.5 inches, and a height of 0.5 inches. This heatsink is suitable for use with a wide range of power components, including transistors, diodes, and MOSFETs. Typical applications include industrial power conversion, medical devices, and LED lighting systems. The heatsink is easy to mount using standard screws and has a flat surface for efficient heat transfer. It is available in a compact form factor, making it ideal for use in space-constrained designs. Key specs: Extruded Aluminum, 12in L x 2.5in W x 0.5in H, 10-35°C Temperature Range.",https://www.arrow.com/en/products/heat_sinks_wv_6027_syn_14,20.49,/images/Heat_Sinks_WV_6027_SYN_14.jpg
Embedded Controllers and Systems,Single Board Computers - SBCs,Hardkernel ODROID-XU5 Edge AI Single Board Computer with Neural Processing Unit,"The ODROID-XU5 Edge AI Single Board Computer is a powerful ODROID-XU5-based single-board computer with a dedicated Neural Processing Unit, designed for AI and machine learning applications, featuring a 2GHz Samsung Exynos 5422 Octa-Core CPU and a Mali-T628 MP6 GPU, operating at a voltage range of 4.5V to 5.5V, and drawing a maximum current of 2.5A, typical applications include AI-powered robots, drones, and other IoT devices, and is provided in a compact 137mm x 90mm x 20mm form-factor. Key specs: 2GHz, Exynos 5422, Mali-T628 MP6, 4.5-5.5V, 2.5A, NPU.",https://www.arrow.com/en/products/single_board_computers_sbcs_odroid_xu5npu_syn,141.40,/images/Single_Board_Computers_SBCs_ODROID_XU5NPU_SYN.jpg
RF and Microwave,Combo Wireless Modules,u-blox C027-9434-M3 Wi-Fi 6 and Bluetooth 5.0 Combo Module,"The u-blox C027-9434-M3 is a Wi-Fi 6 and Bluetooth 5.0 combo module with a maximum data rate of 1.2Gbps and support for 2x2 MU-MIMO and Bluetooth mesh. Operating from 3.3V with a typical current consumption of 220mA in Wi-Fi transmit mode, this module features an industrial temperature range of -40°C to 85°C. Typical applications include industrial IoT, smart home devices, and medical equipment. The module is delivered in a compact 12x15mm LGA package. Key specs: 3.3V, 220mA, Wi-Fi 6, Bluetooth 5.0, 2x2 MU-MIMO, -40°C to 85°C, 12x15mm LGA.",https://www.arrow.com/en/products/combo_wireless_modules_c027_9434_syn,38.91,/images/Combo_Wireless_Modules_C027_9434_SYN.jpg
Computer Products,Keypads and Keyboards,"Corsair IP65 104-Key Industrial Membrane Keyboard, USB","The CKM104IP65-SYN is a 104-key IP65 industrial membrane keyboard designed for use in harsh environments, with a headline spec of IP65 ingress protection, and features a USB interface, operating voltage of 5V, and current draw of 200mA, and a compact, ruggedized design suitable for use in industrial control, medical devices, and outdoor applications, with a compact footprint of 17.1 x 5.4 x 1.2 inches Key specs: IP65, 104-Key, USB interface, 5V, 200mA.",https://www.arrow.com/en/products/keypads_and_keyboards_ckm104ip65_syn,103.75,/images/Keypads_and_Keyboards_CKM104IP65_SYN.jpg
Test and Measurement,Bench Power Supplies,Keysight U8038A-X3 30V 3A Compact USB-Programmable PSU,"The Keysight U8038A-X3 is a USB-programmable bench power supply delivering up to 30V and 3A of output power with a voltage tolerance of ±0.03% and current tolerance of ±0.02% allowing for precise control over output levels, featuring a frequency accuracy of 0.1Hz to 10kHz and operating temperature range of 0°C to 40°C, ideal for applications such as testing and debugging of DC-DC converters and portable electronics, housed in a compact 1/4 rack 2U high package Key specs: 30V, 3A, ±0.03% voltage tolerance, ±0.02% current tolerance, 0.1Hz to 10kHz, 1/4 rack 2U high package.",https://www.arrow.com/en/products/bench_power_supplies_u8038a_syn321,169.19,/images/Bench_Power_Supplies_U8038A_SYN321.jpg
Mobile Computing,Tablet PCs,"Getac ZX70 Fully Rugged Android Tablet with 1D Scanner, Wi-Fi and 4G","The Getac ZX70 is a fully rugged Android tablet designed for challenging environments, featuring a built-in 1D scanner, Wi-Fi and 4G connectivity, and a 7-inch 1280x800 display. It operates on 3.7V and consumes up to 2A, with an internal battery providing up to 10 hours of operation. Typical applications include warehouse management and logistics. The device measures 9.3 x 6.2 x 1.1 inches and weighs 2.2 pounds. Key specs: 7-inch display, 1280x800 resolution, Android 10, 1D scanner, Wi-Fi, 4G LTE.",https://www.arrow.com/en/products/tablet_pcs_rk8a_syn,2399.00,/images/Tablet_PCs_RK8A_SYN.jpg
Wire and Cable,Cable Assembly AC Power,"Volex Locking IEC C19 Power Cord 16 AWG, 14ft, 16A 250V","This Volex power cord is a locking IEC C19 cable assembly designed for secure connections in high-power applications. It features a 16 AWG wire gauge, 14ft length, and is rated for 16A 250V. The cord is built with a temperature range of -20°C to 70°C and is suitable for 50/60Hz operation. Typical applications include data center equipment, medical devices, and industrial control systems. The cord is packaged in a rugged, compact form factor. Key specs: 16 AWG, 14ft, 16A 250V, Locking IEC C19.",https://www.arrow.com/en/products/cable_assembly_ac_power_vlxc19_14_lck_syn,32.99,/images/Cable_Assembly_AC_Power_VLXC19_14_LCK_SYN.jpg
Power Supplies,DC to DC Converter and Switching Regulator Module,"Murata Power Solutions Isolated 12V to 5V, 100W Half Brick DC-DC Converter, 12V/6.25A, 100-240kHz SYN-MB12V5V","The 1847-DC12V5V-100W-SYN is an isolated 12V to 5V, 100W half brick DC-DC converter from Murata Power Solutions, featuring an input voltage range of 9-18V, output voltage of 5V with a tolerance of ±1%, and an output current of 6.25A. The converter operates at a frequency range of 100-240kHz and has a high efficiency of up to 90%. Typical applications include datacom and telecom equipment, as well as industrial control systems. The device is packaged in a standard half brick form-factor, measuring 2.4in x 1.45in x 0.52in. Key specs: 5V, 100W, 6.25A, ±1% tolerance, Half Brick.",https://www.arrow.com/en/products/dc_to_dc_converter_and_switching_regulator_module_1847_dc12v5v_100w_syn,278.52,/images/DC_to_DC_Converter_and_Switching_Regulator_Module_1847_DC12V5V_100W_SYN.jpg
